transaction_amount,transaction_hour,transactions_last_24h,account_age_days,failed_attempts,is_international,device_trusted,is_fraud
938.5361799537181,18,2,1567,3,1,0,0
6020.242861835042,7,7,102,3,0,0,0
2633.4913870908986,6,4,1254,0,0,0,0
1825.8851075519065,15,6,388,0,1,0,1
339.24974092469256,18,5,1955,1,0,0,0
339.1925838292104,5,2,1633,0,0,1,0
119.67753721736135,19,3,1603,2,0,0,1
4022.461728959879,20,5,1728,1,0,1,0
1838.1643072545291,10,5,1235,1,0,1,0
2462.5001234091806,4,3,649,1,0,1,0
41.598615998277246,15,4,1454,0,0,0,1
7007.114950316624,6,3,339,2,1,0,0
3572.8590867093503,4,0,184,1,0,0,0
477.375250497894,10,7,56,0,0,0,0
401.35797749932675,14,2,979,3,0,1,0
405.2228456645141,2,5,1786,1,0,0,0
725.5074589209543,4,1,1306,0,0,1,0
1487.8556617217089,22,1,572,2,0,1,0
1131.0741335606733,20,1,1152,0,1,1,0
688.445985107883,4,3,717,1,0,0,0
1892.7417477995973,8,3,1750,1,1,1,0
300.46905745467734,14,1,1663,1,1,0,1
691.0310240048045,2,3,1008,0,1,0,1
912.5544364416941,5,3,1532,2,1,1,0
1217.86937571955,16,7,1608,0,0,1,0
3075.872022061824,20,4,216,0,0,0,0
445.4717242573806,7,3,1114,0,0,0,0
1444.0583100662554,20,3,944,1,1,1,0
1795.0094426195212,10,1,314,1,0,0,1
95.12769951281709,5,5,233,1,1,0,0
1870.6660412992203,7,2,745,2,1,0,0
373.92250395483285,9,2,575,0,0,0,1
134.52786175860848,23,2,888,0,1,1,1
5947.375587013861,2,5,247,1,0,0,0
6741.260684922345,22,2,442,2,1,1,0
3304.6631456257533,13,1,1923,1,1,0,0
726.5757199375166,22,7,135,0,0,0,0
205.55463000501248,13,6,1972,0,1,0,1
2305.5015261973235,9,2,1906,1,0,0,0
1160.1816851707968,11,2,1982,2,0,0,1
260.30446790889727,5,3,1016,1,0,1,0
1367.0944562683003,11,4,1026,1,1,0,0
69.98744288695816,22,2,161,1,0,0,0
4800.8457747860475,13,2,140,0,0,0,1
598.9155536813722,1,2,304,1,0,1,0
2172.5115971299606,8,4,1484,1,0,0,0
747.0931633152474,9,5,1845,2,1,1,0
1468.2217918184572,16,3,1738,0,0,0,1
1582.4475959635952,16,3,125,1,0,1,0
408.7771990158115,2,2,937,1,0,1,0
6985.614265472453,18,5,1909,1,0,1,0
2984.4907542762817,0,2,1371,0,0,1,1
5610.188838583164,11,3,1618,2,1,0,0
4504.303995068393,6,3,1978,1,0,1,0
1822.10882476655,3,2,1348,0,1,0,0
5098.87075853881,9,1,407,2,0,1,1
185.31091790623125,12,1,1493,2,1,1,0
436.2693892625349,1,4,164,1,0,1,0
92.5639313736639,9,1,862,1,1,1,0
787.0641736061737,20,3,240,0,1,1,0
984.2605835884372,21,2,1237,2,0,0,1
633.1208864176514,3,1,149,0,1,1,0
3529.115730481868,17,6,584,1,0,0,0
882.4539990597403,4,2,1127,2,0,1,0
659.6056802684984,18,4,1207,0,1,1,0
1564.814166415492,1,4,505,3,1,1,0
303.7962956412577,11,7,1720,2,1,1,0
3240.9671915494623,16,2,525,1,0,0,0
154.95173762261803,9,8,1404,1,1,1,0
8668.29267917464,1,3,1768,0,1,0,1
2958.9675524830227,5,4,1686,1,1,0,0
443.0788810117719,7,4,775,0,0,0,0
11.07484075187095,18,5,1048,0,0,0,0
3379.793554972252,10,1,701,1,1,0,0
2454.1918147740894,11,3,1157,0,1,0,0
2611.325817575998,8,2,1018,1,1,1,1
2950.429052087027,1,1,50,1,0,0,1
153.8585310275927,7,2,958,1,1,0,1
887.785344832465,10,3,695,0,1,0,1
246.3002092088993,20,7,26,1,0,0,0
3977.0591433164454,3,4,650,3,0,0,0
1952.602383424748,9,1,11,2,1,0,1
803.637602502602,20,1,808,0,1,1,0
131.33613160956577,19,1,1126,2,0,1,0
744.9767008207075,15,4,11,2,1,0,0
786.6284263682627,7,6,1136,1,0,0,0
2615.7515679154817,3,6,1630,2,1,1,0
2029.7787178520398,9,0,772,1,1,0,1
4364.50382480303,11,8,770,1,1,1,1
1278.1322667526197,13,3,973,2,0,1,0
254.7447872310038,15,4,1191,1,1,1,0
2498.252688633199,21,2,1745,0,0,0,0
2860.785506153728,17,2,407,0,1,1,1
1647.7749897716576,20,2,1069,0,0,1,0
2947.779933442729,21,0,842,2,1,0,1
1361.629463020556,20,6,717,2,0,0,1
1479.3576775545341,11,4,1962,1,0,1,0
1115.6283878168547,17,3,359,4,1,0,1
51.49554798022746,6,3,554,1,0,0,1
228.33487038373167,19,1,285,0,1,1,0
63.867362586107646,23,5,400,3,1,0,0
2023.4591018550989,22,3,1475,2,1,1,0
754.7934175901997,6,4,1636,0,0,0,0
1420.87435426838,8,2,1468,1,1,1,0
4762.531059691951,0,0,388,0,1,0,0
573.4776459665967,5,1,1380,3,1,1,0
1056.5639497653451,5,1,784,3,0,0,0
2817.498295077167,21,4,425,2,1,1,0
519.610313834788,11,0,1030,0,1,0,1
160.20855710035272,21,2,1578,3,1,0,0
684.2806077741142,11,3,1920,1,1,1,0
351.6167170001257,9,3,441,2,0,0,1
5309.900171761249,22,3,1948,2,1,1,0
3301.774160969139,5,1,356,1,1,0,0
2006.988381041062,16,2,919,1,1,0,0
4103.039461041626,18,3,765,2,0,1,0
3255.937881481113,17,4,1612,0,1,0,0
412.99095271727816,5,4,554,1,1,1,1
4461.626810471122,23,1,1887,2,1,0,0
1550.199803932344,18,0,268,2,1,1,0
3294.6965826071323,9,3,1916,1,1,0,0
4528.485298572463,23,4,992,0,1,0,1
765.461432836637,7,0,1241,0,0,1,0
233.18432024770166,20,1,64,3,0,0,0
517.3734922787627,23,4,442,1,1,0,0
1114.1153854972288,5,2,1715,2,0,1,0
3407.65945327789,20,5,541,0,0,0,0
3942.6899437596667,6,5,1299,2,0,1,0
13.952818363301294,23,4,470,0,1,0,1
1429.7523186771116,0,2,1240,2,1,0,0
1080.5466418373426,17,5,1889,1,0,1,0
502.334676551649,23,6,1837,0,1,1,0
255.36078309129363,19,1,1590,1,0,0,0
823.817159724865,11,2,878,2,1,1,0
5726.242245382299,15,2,1616,1,0,0,0
780.7676057629488,9,2,1218,0,1,0,0
1462.9056115203039,9,3,712,2,1,1,0
2428.1739537617095,13,1,13,0,0,1,1
903.9489979339247,19,4,222,1,1,1,0
7135.596276583399,9,2,1729,0,1,1,0
6564.019729082796,9,0,1420,3,0,0,1
580.1225899844105,10,1,881,1,1,0,1
1375.3185569276945,22,5,839,1,0,1,0
715.8609201580936,1,5,752,1,0,0,1
670.4993527621634,19,3,270,0,0,1,0
75.16895553104507,7,2,1322,0,0,0,0
1880.9841419651862,22,1,1635,2,1,1,1
1397.039265659277,6,2,732,0,1,0,1
105.70217476078496,7,3,844,1,0,0,0
653.2518420207388,0,3,616,0,1,1,0
4777.7219021786805,20,5,1456,1,1,0,0
547.7211042841541,1,3,1913,1,1,1,0
313.0617219709395,17,2,1432,0,1,1,0
1344.5442189472724,14,5,65,0,0,0,1
8488.07396523052,0,3,1681,1,1,0,1
554.2896271194523,4,4,1062,1,0,0,0
2230.3100205945866,1,4,28,0,0,1,0
2867.7752524789257,19,4,1313,2,1,0,0
542.6663446716116,2,5,1944,1,1,0,1
2605.497856984632,18,4,1903,0,1,1,0
917.045598528608,17,4,237,2,0,0,0
2001.0074954635427,21,0,1150,2,0,0,1
2007.6756542752764,17,4,384,1,1,0,0
1534.7704999046975,13,2,326,0,1,0,1
189.2583176232419,23,5,85,1,0,0,0
3607.289588492594,7,5,749,1,0,0,1
773.6205873347932,11,2,246,0,1,1,0
412.86421321511307,20,4,388,0,1,0,0
83.25951958869041,9,0,929,1,1,0,0
1787.5568091891669,22,2,1911,2,0,0,0
2263.7034685346975,19,0,266,0,0,1,0
33.45389511694124,16,6,761,2,1,1,0
1435.2611690989768,10,4,804,0,0,0,1
513.6482941099154,1,5,1229,1,0,1,0
2072.248683095384,3,6,228,2,0,1,0
383.2084450782675,0,5,240,1,1,1,0
2348.425055135438,14,5,1097,0,1,0,1
977.9174019622036,12,2,1695,1,1,1,1
5520.687635608614,7,3,388,1,0,0,0
295.8888268785579,3,9,378,0,0,1,0
834.2648679903435,9,0,212,0,1,1,0
240.88857007399284,18,1,1672,1,1,1,0
5172.380794301447,17,3,795,0,0,0,0
4196.667414321988,4,6,676,1,1,0,0
596.6547401229778,18,1,649,0,0,1,0
2157.525478087829,22,5,171,2,1,1,0
3398.9681452784425,21,3,1176,1,1,0,1
1620.264721373016,15,5,1701,1,1,1,0
1508.5588203878922,0,7,809,0,0,0,1
553.7540908758062,11,5,104,2,1,0,1
195.45228094988147,23,6,1246,0,1,1,1
4550.246450389046,1,1,1306,2,1,1,0
4613.548855296854,20,2,1412,4,0,0,1
2005.3398389657696,7,1,372,1,0,1,0
828.0930196226478,17,5,129,1,1,1,0
859.1352316232878,15,2,1428,0,1,1,1
2588.9308594542363,4,2,220,1,1,0,0
4548.194698214505,21,2,1197,2,1,0,1
4362.2651387932265,12,2,472,0,1,0,1
3027.1243838618066,18,2,1884,3,0,0,0
2054.62138713541,2,2,988,1,0,0,0
175.7834523921681,7,6,1477,0,0,0,0
352.588429366823,11,0,608,0,1,0,0
4576.4610003550115,1,1,1526,1,0,0,1
1864.987893931179,10,4,1076,2,1,0,0
18.47921122198882,11,6,94,0,0,0,0
213.99380287189865,17,3,1600,1,1,1,0
2178.324774580482,12,3,1045,1,0,0,1
10.148874103594006,4,3,106,0,1,0,1
350.6316322083981,21,4,1872,0,0,1,0
1591.3956922778634,11,1,1224,3,0,0,1
2354.630573309625,1,4,1868,1,1,0,0
2110.8829642704973,4,4,1376,1,1,1,0
507.899734616049,6,4,1305,0,1,0,1
2490.8345777970776,23,1,1987,3,1,1,0
541.6475181056119,11,2,1306,1,1,0,0
787.2698178361688,15,1,612,0,0,0,0
2744.7151033315813,22,2,849,3,0,1,0
2097.547628605536,7,2,1563,2,0,0,0
3783.912154926802,8,3,1269,0,1,1,0
2143.626576339525,14,2,948,2,0,0,0
1680.0886111745149,4,5,1599,1,0,1,0
196.71412289682098,12,5,854,2,0,1,0
916.8326144140401,4,3,1910,1,0,0,0
616.3202957176624,10,5,429,2,1,0,0
559.4004073248425,9,3,1978,0,1,0,0
7224.618812325852,19,8,1062,2,0,1,0
998.7749940800476,12,8,1443,0,0,1,0
4452.110422497046,8,4,302,0,0,0,0
1994.6687714729662,20,1,639,0,0,1,0
3167.6505053767996,13,0,71,1,0,1,0
1396.870648777541,17,3,1923,1,0,1,0
1720.31180528317,14,4,646,0,1,1,0
1356.586866683387,9,3,1789,0,0,1,0
434.429790650477,23,6,525,1,0,0,0
2563.5236061316077,6,4,174,1,0,0,0
659.1547367325259,7,4,1999,0,0,1,0
49.23296216137723,2,3,90,1,0,0,1
2073.937572590548,14,2,368,2,0,1,0
389.8671404496454,15,5,801,3,0,1,0
5642.166294546606,3,4,1231,0,0,0,1
6155.1248255760465,20,3,1086,1,0,1,0
4927.019769267683,5,5,319,2,0,0,1
924.5747929947335,0,2,824,5,1,0,1
31.154630743888767,3,2,551,1,0,0,0
5271.04691466378,10,2,60,0,0,0,0
1117.8765541061227,11,3,1129,1,1,1,0
6801.684032244112,4,3,1263,1,0,1,0
6627.470952260411,22,3,1486,1,0,1,0
3834.774034358838,20,0,127,0,0,1,0
697.5521363443206,15,4,83,1,0,1,0
972.5838641973871,12,4,1244,1,1,0,0
3809.4533049561596,12,2,1432,2,0,1,0
762.2924628614342,16,4,946,0,0,0,0
371.43723259150954,6,2,1641,0,0,1,0
1627.4739841204555,7,1,1953,2,0,1,0
5502.586941614083,12,1,1996,0,0,0,0
2381.6511955158744,22,1,586,1,1,1,0
1688.224672871311,15,1,647,0,1,1,0
204.45639469864577,3,2,1454,0,0,0,0
1909.0614310354354,7,1,890,2,1,0,1
9221.139495692634,15,5,574,0,1,1,1
301.8411732845283,20,2,513,1,1,1,1
1460.9906499630074,9,1,1103,1,0,0,0
4197.217275801589,11,3,1910,0,0,1,0
2700.0684967073403,11,5,65,3,1,0,0
2388.148850603346,4,3,1965,2,1,0,0
2424.57511244898,15,3,183,1,0,1,0
890.9846846298982,0,1,1090,3,1,0,1
695.1241685341903,8,2,835,1,0,1,0
3314.7490145194247,11,3,1892,2,0,1,0
3322.6563981740574,4,2,1232,1,1,0,0
4035.9000947358295,21,4,54,1,0,1,0
4889.231923673273,19,4,1245,1,1,1,0
1432.1864738658073,21,4,236,1,1,1,0
1392.3687551023984,23,2,889,1,1,0,0
3201.899864616975,2,3,612,0,0,0,0
2099.4381497756003,4,1,959,2,1,1,0
2421.101297023034,1,3,438,3,0,1,0
3177.2389499084097,13,2,1004,0,1,0,0
4414.646952693534,1,0,1127,0,0,0,0
824.9648142753084,12,3,1460,2,1,1,0
941.8735774551127,6,4,694,1,1,1,0
197.3920783747211,9,1,963,3,0,1,0
1726.8280532188694,12,2,1445,1,0,0,0
73.20820842171399,15,5,1132,0,1,0,0
1253.2138963642192,13,0,524,0,0,0,0
1564.589171374252,10,1,1467,0,1,1,0
675.261320629045,9,2,1530,1,1,0,0
1787.2650602923507,5,2,404,0,0,1,0
61.95012420294909,3,2,343,1,0,0,1
76.12699856557876,20,4,1622,1,1,0,1
3458.702739076272,0,3,800,1,1,1,0
893.1700484154894,6,3,1351,2,1,0,1
271.77808259485596,23,2,214,0,1,1,0
1477.3071765580312,8,3,1024,2,0,0,0
2939.2958808914705,7,1,1580,0,1,0,1
486.2360068598067,4,2,322,3,0,0,1
1950.4392373129858,18,0,1102,1,1,1,1
178.42205797979457,9,4,1079,2,0,0,1
106.1301918206188,10,4,784,1,1,0,0
1515.8178812510419,14,6,856,1,0,1,0
1555.8208853894844,5,3,1095,0,1,0,1
2029.0748964092318,14,4,1092,0,0,0,1
2589.9211258333685,4,1,180,0,0,1,0
7447.114017399986,18,3,380,1,0,0,1
1452.5822384607125,21,1,933,2,1,0,0
780.0394282119576,18,3,1710,2,0,1,0
3171.3079594653727,9,2,1705,0,0,0,0
631.7029308722746,11,5,1925,1,1,0,1
1155.9668625466027,21,4,450,0,1,1,0
163.4103371673398,3,1,1285,2,1,0,1
51.35521908294876,17,4,1471,1,0,0,0
6574.759846537204,15,2,1661,1,0,0,0
3615.535284230125,7,1,131,1,0,1,0
2381.2854655986835,3,6,1258,3,0,1,0
1051.7192889302837,22,1,904,0,1,1,1
380.6130722842175,11,4,1178,0,0,1,0
340.2414831457083,1,4,330,0,1,0,1
576.0119782531672,3,6,637,2,0,0,0
1593.5812966266292,4,6,1890,1,1,1,0
2507.6985755535516,2,1,1915,1,1,1,0
2158.780699393597,8,4,1636,0,0,1,0
656.8245227779919,20,6,53,0,0,0,0
6196.206997112613,17,6,1868,2,0,0,0
2678.0348097504525,10,2,468,1,1,0,0
1616.4609638626625,2,4,640,0,1,0,1
1892.0609440748701,22,4,413,1,0,1,0
1088.0757310641027,1,3,1038,2,1,0,1
569.322584548127,8,2,496,0,0,0,0
880.0282586462248,13,0,1541,1,0,1,0
2836.3636955134266,3,3,1786,2,0,1,0
28.99615944160855,8,0,368,2,0,0,0
246.7607844799521,12,1,539,0,1,0,1
94.18875390504105,17,3,637,1,0,0,1
83.16290383458485,14,3,1476,2,1,1,0
3868.406067231317,9,1,1565,0,1,1,0
2432.4812234013766,15,8,515,2,1,1,0
1285.5691888257847,11,3,481,1,1,1,0
205.9138368956265,19,1,414,0,1,1,0
1353.0359315944665,4,2,228,0,0,0,0
1282.9006641887424,1,3,137,0,1,0,1
380.38942560044995,9,1,1793,3,0,0,1
1137.7982626046476,0,3,1264,2,0,0,0
1016.6732291664138,6,3,791,0,0,0,1
1913.444865826269,16,5,835,3,0,0,1
2016.2290720818241,15,5,1696,0,1,0,1
92.72464804106946,23,6,472,0,1,1,0
938.768009310123,2,4,518,0,0,0,0
1966.249989565457,13,1,1485,0,0,1,0
1398.8789052155794,9,1,305,2,0,0,0
3882.698906350877,21,5,655,1,0,0,0
2149.9495281099958,6,4,1978,0,0,1,0
355.7057375346146,16,3,181,0,0,1,0
146.36487251248167,5,1,30,0,1,0,0
2056.788294217782,22,1,972,0,1,0,0
53.73814533478886,21,1,765,1,1,0,0
1762.6947556145813,3,1,40,0,1,0,1
5634.510910774304,16,2,187,1,0,0,0
1713.5648911550888,8,0,319,4,1,1,1
982.6013844478146,3,0,1840,0,1,1,0
2061.654315689964,6,2,1251,1,0,1,0
1225.9119481021826,22,0,732,0,1,0,0
1577.6287211526403,1,5,892,0,0,0,0
5676.254292465998,16,4,324,1,0,1,0
975.8550547003742,23,2,1927,1,0,1,0
6498.183723013508,7,1,943,1,0,0,1
4715.152367539838,22,2,1067,2,0,0,0
435.7925218809,14,1,656,1,1,0,0
143.76831060631403,14,2,1302,1,0,0,0
212.45067096326042,7,5,1343,1,1,0,0
36.77977569446741,15,6,174,0,0,1,0
198.41002331150827,18,4,1783,0,0,1,0
2297.749745154334,10,2,685,2,0,0,1
147.69925389285405,1,3,1065,0,1,0,0
768.314376589737,22,4,409,1,0,0,0
3727.052080194554,23,1,1586,4,1,0,0
47.09400636142302,16,0,1347,2,1,0,1
3369.061012371917,15,7,180,2,1,0,0
662.1669336792589,14,2,854,2,0,0,0
251.50023965821526,12,6,1183,1,1,0,0
2386.3108168798267,14,2,37,2,0,1,0
1982.7983528664406,3,3,406,3,0,0,1
4198.8316281738935,15,6,539,0,0,1,0
2656.5871575288006,11,4,376,1,0,1,0
3253.9916119879563,3,2,1922,3,0,0,0
662.6677246134772,2,7,256,0,0,0,0
390.66659208089396,21,5,278,2,1,1,0
2777.5127920108494,16,5,249,2,0,0,0
3288.418366486839,21,0,693,0,0,0,0
9314.009780280461,17,2,1041,0,1,0,0
1064.15870830521,17,1,1392,0,1,1,0
930.4878239234654,22,5,125,1,0,0,1
2995.909006687174,16,3,1336,2,0,1,0
833.4673418615063,11,8,212,2,1,0,1
5340.275848798653,22,2,472,0,1,0,0
3909.6783143324983,20,3,749,1,0,1,1
1120.7112188843194,23,2,1439,1,1,1,0
2779.569432990922,3,3,500,0,1,1,0
2809.2659737100344,11,5,811,1,0,0,0
217.67503761343605,22,8,1736,2,1,0,1
4656.891361735264,21,3,889,0,1,1,0
1407.4149795135088,20,3,1205,0,1,1,0
3502.66511504666,19,5,1413,3,1,0,1
771.4708523290166,14,2,1666,5,1,0,1
4517.5810290918525,22,4,1657,1,1,0,1
985.9769081203424,15,3,1211,1,0,0,0
21.793613230350957,4,5,1924,0,0,0,0
4715.814593924907,20,4,1763,2,0,1,0
191.45122109695052,14,4,1698,0,1,0,0
769.3072667700777,16,2,1987,2,1,0,1
5993.944766376571,17,4,1648,1,0,0,0
6015.899080207979,4,5,1492,1,1,1,0
1703.9945821105275,12,3,1481,0,0,1,0
1998.4601607810494,18,0,1158,0,1,0,0
1190.0293272457152,12,3,1722,1,1,0,1
694.0455574923941,17,6,175,1,1,1,0
796.9726691007795,13,5,1285,0,0,0,0
2232.6471598570124,3,3,317,0,0,1,0
2791.6757473261546,3,1,1001,2,0,1,0
3136.3908324422973,19,6,824,0,0,1,0
3117.6620636974835,19,3,870,1,0,0,0
191.27389308063889,18,2,931,2,1,1,0
1364.099193146712,12,3,887,1,1,0,1
118.56341289747559,11,6,269,2,1,1,0
1594.922631390786,6,1,1818,0,1,1,0
1165.110549974567,11,3,470,1,0,1,0
4373.237328441603,20,1,224,2,0,1,0
864.3832389357702,3,4,1276,0,0,1,0
249.01195510490174,1,1,1088,1,1,0,0
308.61530908423873,1,2,975,0,0,1,0
2866.8610941581874,4,5,907,0,0,1,0
1925.81135949607,22,2,830,3,1,0,0
213.2174244907709,9,3,1488,1,1,0,0
175.71104333721016,9,4,1967,1,0,1,0
2414.4169433061993,8,3,1148,1,0,0,0
151.0921790515943,12,6,1606,0,0,1,0
3450.371707617163,6,3,238,1,1,1,0
2449.99950626001,4,3,75,0,1,1,0
169.6975011606241,9,3,1466,1,1,0,0
177.3077355556134,9,2,500,0,1,1,0
8630.917124116184,5,3,1546,1,1,0,1
937.6751651045792,18,4,1936,1,1,1,0
926.110520950625,20,3,268,0,0,1,0
3351.1508065653543,7,3,1991,1,0,0,0
5884.329075926487,0,3,1511,1,0,1,0
8537.547879203968,16,2,987,0,1,1,1
2799.7984602326837,6,5,1624,0,1,0,1
944.0419992382513,13,4,1074,0,0,0,1
174.3879873959145,20,0,1679,1,0,1,1
3002.4850809092513,20,2,1083,1,1,1,1
1634.7208151229859,16,5,1478,1,1,0,0
1104.0662506099475,8,3,1854,1,1,1,0
4736.475350956181,16,1,723,0,0,1,0
235.76041594376048,4,1,1096,1,1,0,0
1357.0102187459086,19,2,1780,0,1,0,0
22.837178865083338,7,2,1775,0,1,1,0
1264.7087391658524,5,5,190,0,1,0,0
115.90086213185155,10,3,996,1,0,0,0
252.98199186234243,18,7,1586,1,0,0,0
250.05246401491254,3,5,1741,1,1,1,0
2095.136772813943,17,3,566,1,1,1,0
2741.1954351929453,0,6,1846,1,1,0,1
1751.1075544057371,12,4,993,0,1,0,0
6549.440418204754,13,2,736,1,1,1,0
939.5931558405343,23,1,156,0,1,1,1
672.9383148411174,0,3,1896,0,1,1,0
4059.0050763404593,10,2,1587,0,1,1,0
506.16413546370677,16,4,1777,0,0,0,0
6605.740212503822,3,6,1866,0,0,0,1
24.457888717938616,11,2,673,1,1,1,0
7005.053845758964,9,3,1665,0,0,1,0
88.2379972370038,5,2,1109,1,0,0,0
4435.442458320018,0,6,69,3,0,1,0
1500.2865006987806,6,1,1409,2,0,1,0
9913.657215852065,20,8,373,0,1,0,1
153.32275190890988,15,3,55,2,1,0,0
1614.2193274666977,23,6,85,1,1,1,0
6967.15044251201,13,1,1881,2,1,1,1
1480.8878663620878,22,4,941,2,0,1,0
1985.2565807623748,19,1,841,0,0,0,1
2379.8024762335485,19,0,592,1,0,1,0
1212.2555113539017,5,0,732,1,0,0,1
1975.3483460160442,21,4,1960,2,1,1,0
1755.6517236115112,4,4,622,2,1,1,0
4628.465538965295,23,4,1789,0,1,0,1
93.02292348696196,20,2,1009,1,0,0,0
659.685451797517,17,3,317,1,1,1,0
6007.992011721863,14,3,1188,3,1,0,1
4419.3516569069725,5,4,1639,4,1,1,1
1216.35052391924,18,7,625,1,0,0,0
1935.8660574779544,0,0,252,0,1,0,0
649.7468397902603,0,3,152,0,1,1,0
416.808322872129,12,4,1360,2,1,0,1
1246.1171976081976,2,4,910,1,1,1,0
871.9070692334667,9,3,1392,1,0,0,1
1752.487412013286,20,3,1787,1,1,0,0
161.84456886636957,2,3,866,2,0,1,0
7329.920245045135,8,2,600,0,1,1,0
8567.731151105078,7,2,1007,1,1,0,1
2395.7277638255787,2,4,971,1,1,1,0
1536.1568688241798,12,2,1005,1,1,1,0
740.75860310872,5,4,1124,0,1,1,0
3361.8143349759935,12,4,1144,0,0,1,0
2308.6591672976315,22,4,1409,1,1,0,1
354.94730820097675,19,4,303,1,1,1,0
4836.602183998255,19,4,1740,2,1,0,1
3457.9890227345427,11,2,1173,3,0,1,0
5983.477050066872,12,2,1225,4,0,1,0
2587.2080083922688,1,4,1831,1,1,1,0
1900.8080391827455,20,4,1027,0,0,1,0
1083.4050131862268,23,7,400,2,1,0,1
5398.036723094237,22,3,68,1,0,1,0
4020.7847600938403,15,2,154,1,1,1,0
92.54587730624557,22,2,1015,0,0,0,0
53.44163373302273,5,1,1518,2,0,1,0
944.6955231665257,18,0,182,0,0,1,0
3327.2954459921725,20,3,525,0,0,1,0
8728.550936440335,12,2,189,1,0,1,0
326.0190198689594,16,2,20,1,0,0,1
1803.4482604314715,22,1,851,0,0,0,1
958.9473995161923,8,0,1307,2,0,0,1
7007.417108751925,16,4,898,1,1,0,0
3691.8264148672692,1,1,10,0,1,1,0
3644.3800929397144,18,4,700,2,1,1,0
1264.831142279547,18,6,1881,1,1,0,0
1071.669872654698,23,1,1555,2,1,1,0
638.7777843001224,6,3,655,0,1,1,0
116.05392768967243,21,2,1639,1,0,0,1
4000.8522800066207,9,5,1327,2,0,0,0
3352.2348784998458,9,3,241,2,0,0,0
16344.891195636166,19,1,152,1,1,1,1
11389.746801488665,8,1,784,0,0,1,0
1621.303185282788,16,3,1361,3,0,1,0
2930.5661804125216,14,2,188,0,0,1,0
5792.343365748872,1,4,464,0,0,1,0
3789.5440294184914,3,5,722,2,1,1,1
568.3048891622931,18,3,1201,1,0,0,0
1197.6536547997289,16,2,900,2,0,0,0
276.59268862617733,4,4,706,1,1,0,1
6160.447572883418,6,1,1201,2,1,0,0
1863.6954051772364,17,4,881,3,1,1,0
519.2074508369674,20,2,415,1,0,0,0
2227.6590783465003,21,3,578,0,0,0,0
1925.3408694861434,6,3,310,3,0,0,0
886.8409245942122,16,1,1026,2,1,0,0
241.07824279693855,6,2,317,0,0,1,0
2226.8825670382043,3,2,1807,1,1,0,0
1469.2208483720754,7,4,1533,0,1,1,1
2959.6141619210302,12,3,1020,1,1,0,1
1468.6197208470303,3,2,1596,2,0,1,0
3823.540222616968,5,2,368,0,1,0,0
1605.508238042975,4,3,555,0,1,1,0
1646.2291619602943,11,2,605,0,0,1,0
4185.517286459543,3,3,1250,1,1,1,0
1033.294627976234,23,4,936,2,1,0,1
287.7759107805979,8,2,480,0,0,0,0
58.41004286418937,3,2,981,1,0,0,0
2814.114905325171,18,1,1822,0,1,1,0
1936.7979341213593,23,3,1087,1,1,1,0
2435.330695595753,13,3,1304,3,0,1,0
478.96298698688696,4,3,940,2,1,0,0
293.2251024565573,17,4,14,2,1,0,1
29.302952531337564,9,3,28,0,1,1,1
863.3745230301386,18,2,142,0,1,0,0
1782.794751329889,11,3,1976,1,0,1,0
995.9637351223014,17,4,1644,1,1,0,0
1150.6391256568625,16,6,1826,0,1,1,0
4690.123045962883,23,3,590,1,0,1,0
856.2052288502234,10,3,1783,1,1,1,1
1443.0500561446422,2,3,473,0,1,0,1
3061.7434754394035,22,3,1548,1,1,0,0
1010.1602625983594,16,5,1208,2,1,1,0
1946.1809507061707,0,4,317,1,0,0,0
3966.2812873686134,14,1,1385,1,0,0,1
5972.3808307493355,8,3,445,0,1,1,0
318.1637586296719,14,4,296,1,0,0,1
5223.325526084158,23,2,404,0,0,0,0
1355.0055619910613,2,2,752,0,0,0,0
597.4709087027915,21,1,1962,1,1,0,0
1229.173934741395,18,4,263,3,1,1,0
7827.3061951611835,12,1,847,1,0,0,0
1356.9825853347195,11,3,377,0,0,0,0
797.2320642009996,19,2,585,0,0,0,0
2006.9725479153192,0,0,1092,0,0,1,0
549.2569354312059,20,1,799,0,0,1,0
157.79060995247008,16,1,471,2,0,1,0
275.9504394248317,12,3,1862,1,0,0,1
274.03684813401424,0,3,732,2,1,1,0
329.5198031133459,9,4,972,2,1,0,1
298.9201321350331,14,3,47,2,1,1,0
2048.168102151613,6,3,947,1,1,1,0
401.49271406896327,21,4,1082,1,0,0,0
848.2786315896104,17,4,1942,0,1,1,0
4541.948250256715,15,3,24,1,0,1,0
1284.7622832931872,13,1,1314,0,1,1,0
2202.578167304761,17,2,831,0,1,1,0
378.25703422643295,6,0,1468,0,0,1,0
427.10196199019015,16,3,403,2,0,0,0
83.45442543513062,17,3,1048,1,1,0,0
370.0946881311618,11,1,1088,0,1,1,0
653.0962372622911,7,2,1791,0,1,0,1
389.6236349662159,21,4,1684,0,1,0,0
185.77181572073513,1,2,1652,2,1,1,1
257.11242698670503,6,5,1634,2,0,1,1
1235.2586867307582,3,4,1263,1,0,0,1
462.18441269019314,17,3,283,1,0,1,0
905.962231021837,5,3,1466,2,0,0,1
1400.0103694286609,8,4,1324,0,0,0,0
2344.9148680250846,8,3,93,0,0,1,0
80.21146020003086,13,2,1601,1,1,1,1
3212.988487652239,7,6,1399,0,0,0,0
1977.1873807345928,18,1,686,0,1,0,0
170.59086075266853,2,3,310,1,1,1,0
4136.269396976181,17,2,888,1,1,1,0
5073.3870927578555,4,4,1771,1,1,1,0
126.04565512032681,13,2,1191,1,1,1,0
648.3536862573017,3,3,1773,1,1,1,0
3281.870366453285,6,2,7,1,1,1,1
2758.7144804286168,19,2,1846,1,1,0,1
407.959264123601,11,3,1067,1,0,0,0
469.7980623630665,1,3,788,1,0,1,0
925.5702200487394,10,4,1364,2,1,0,0
1325.3251293372289,13,4,1177,1,1,0,1
1926.003668117104,21,2,43,4,0,0,1
920.6251260007024,22,2,725,0,1,0,0
1241.7822184418353,15,4,201,1,0,0,0
2752.4578807796847,19,2,895,1,1,0,0
74.74590464295693,5,2,667,0,1,0,0
581.8732437647944,22,8,1756,4,1,0,1
2498.9837499120517,3,3,1689,0,1,1,0
4511.533508661227,14,3,548,1,1,1,0
1433.5582244168017,23,4,226,0,0,1,0
1519.0590047061378,0,1,1858,0,1,1,0
226.72267708132676,6,4,633,1,1,0,1
1186.2864921671016,11,4,1545,1,0,1,0
1521.2135981105798,9,4,1363,0,1,1,0
555.3856065213066,4,3,1359,3,0,0,0
627.3492237570877,11,3,1205,1,0,1,0
947.3299696049439,17,2,1557,2,0,1,0
40.55072150062903,9,2,946,0,1,0,1
777.4495225122715,5,2,1296,0,0,1,0
475.11387124725974,11,2,194,0,1,1,0
793.4984604639653,6,3,538,2,1,0,1
255.12620656956253,17,0,1964,1,1,0,0
4424.15979988605,1,4,1821,3,0,1,0
1800.7976277591195,9,3,481,3,0,1,0
2273.2659157860635,14,6,1122,2,1,1,0
3113.4180647555827,11,4,430,0,1,0,1
1380.0728436977702,16,1,1536,3,0,1,0
181.8641890349117,3,4,1755,1,1,1,0
1540.516726589645,6,6,1351,1,0,1,0
1767.846115742747,8,3,945,0,1,1,0
2736.4332976168184,18,2,911,0,0,0,0
1130.0692987659643,22,1,1809,1,0,0,0
272.9693334586245,6,4,1929,1,0,1,0
667.5243605234078,22,4,1997,1,0,1,0
902.2296509492469,1,3,1824,0,1,0,1
2076.4492232437233,5,2,578,0,0,0,0
1691.5634424028392,17,4,1851,1,1,0,1
880.4135193036124,5,6,1440,0,0,0,0
8612.391544339625,12,3,111,1,0,1,0
1861.6660169344186,18,2,212,2,1,0,0
541.5890575135999,1,5,1707,2,0,0,1
214.68600924977372,11,1,851,1,1,1,0
331.77658517965176,14,1,878,0,1,1,1
564.6136987902819,13,1,987,3,0,1,0
350.32974990858804,5,1,996,1,1,1,0
412.9834909091608,17,2,571,2,1,1,0
671.2116964308931,4,3,1054,1,0,1,0
380.804867325774,17,1,1291,0,1,1,0
4541.50289871183,2,1,1911,1,1,0,1
167.27142518400032,2,2,666,1,0,0,0
1486.8247002254054,21,3,350,1,1,1,0
1056.6111129786048,21,5,1538,1,0,0,0
8077.284332031841,9,4,930,2,1,0,1
237.6546913948098,18,3,681,0,0,1,0
1014.5159874848608,2,1,1238,0,1,0,0
6978.1193282534305,11,2,251,1,1,0,0
4012.4881239363094,15,0,1567,1,0,0,0
3397.326068072359,16,2,319,0,1,0,0
596.5501670670093,6,2,1207,2,0,1,0
374.7990655729751,12,5,885,1,1,0,1
2209.1191973635673,23,3,189,0,0,0,1
5300.770189919911,1,2,725,1,0,1,0
1627.3008438094844,3,4,1151,0,1,0,1
1695.455122917173,9,5,1828,0,0,1,0
656.9500616213016,6,3,1320,1,0,0,0
2934.947516824177,23,2,1047,2,1,0,1
414.1559642921417,16,0,1946,0,1,1,0
782.1756262384653,19,3,1554,0,0,1,0
1108.289100139661,5,1,79,0,0,1,0
1416.969925289397,18,6,546,0,0,0,0
555.2251671392116,4,4,1494,0,1,1,1
243.96654428827088,9,3,924,0,0,1,0
1886.399314858713,8,7,619,0,0,0,0
681.1267368730836,12,4,305,1,0,1,0
1740.9061365848872,18,3,1472,1,1,0,0
335.3295055413596,20,1,199,2,0,0,0
1312.2427560570552,23,2,1215,1,0,1,0
1521.0944962581557,5,1,1256,2,1,1,1
106.42930291424265,3,4,1598,2,0,0,1
820.7672027608464,23,2,554,2,1,1,0
288.69865366386324,2,1,1048,1,0,0,1
130.94451754504976,2,2,1699,1,1,1,0
9202.402622790649,3,1,1485,2,1,1,0
778.2600450388405,4,3,183,1,0,0,0
3320.1412275397975,7,1,1457,0,0,0,1
587.7776685868027,15,3,1869,1,1,1,0
2288.282702040703,21,3,607,1,1,0,1
2856.132445656417,2,1,1979,1,0,1,0
1810.8931883382795,23,2,83,4,0,1,0
1275.7132880905435,11,3,93,1,1,0,0
1061.5156270107555,7,6,1302,2,0,0,1
858.0866034079496,12,3,617,3,0,0,0
5305.112096441561,3,5,1109,2,0,1,0
3551.2141422835957,13,1,573,2,0,1,0
6706.352778831383,13,2,1232,0,1,0,1
265.4570836722111,12,3,1694,3,0,0,1
2625.102726921015,5,3,581,0,0,1,0
5572.254530522481,16,1,1001,0,1,1,0
399.9116194015954,3,3,1468,1,1,0,1
137.62063494499375,7,3,774,0,0,0,0
2702.7863063772443,16,1,853,1,0,1,1
1708.8542883973394,2,3,1770,3,1,1,1
3688.1542826429554,16,2,1394,0,0,0,0
301.1164928283852,8,4,651,1,1,1,0
3172.100222063736,1,4,792,0,0,1,0
450.3595461340459,12,3,476,1,0,1,0
357.430397931036,19,4,504,0,0,0,1
358.88931311990143,1,5,1871,2,0,1,0
3370.2065651280172,19,3,231,2,0,0,0
2188.427278031938,10,2,878,0,0,1,0
1480.7519126920888,21,6,1384,1,1,1,0
888.9228033561362,14,2,1587,1,0,0,0
4194.405334588665,10,2,1775,0,0,0,0
996.6254993948899,22,4,1043,1,0,1,0
3392.1653256961395,2,1,690,0,0,0,1
1156.5497622277608,2,0,209,1,1,0,1
946.2391316354742,11,4,1923,2,1,0,1
1242.3221197992052,23,4,131,0,0,1,0
717.2905508612841,4,2,743,0,0,0,0
2753.5546258738786,19,0,384,1,1,1,0
1397.2056313911921,6,3,1116,0,0,0,0
528.4850619941304,6,6,1567,1,0,0,1
4596.679699101167,12,4,362,0,1,1,0
968.6634847174225,8,3,761,1,1,1,0
1568.564764355527,20,1,1148,1,0,0,0
4738.991217419253,12,4,1905,1,0,1,0
1957.5986077146615,11,4,943,0,1,1,0
248.6292317155595,12,2,648,0,1,0,0
5621.233367864418,23,7,1297,1,0,0,0
1976.1538578696525,9,2,355,0,0,1,0
815.6526311026188,0,4,100,1,1,0,0
299.9536412328516,7,1,731,2,0,1,0
3160.002791360534,21,3,1640,1,1,1,0
1935.5510151257047,15,0,301,1,1,1,0
1524.8277160980563,12,1,609,1,1,0,1
4486.60666107289,2,3,1852,0,0,1,0
3107.980027392144,2,2,882,2,1,0,1
328.98264025268173,23,2,203,0,1,1,1
747.125102791601,4,2,1045,2,0,1,0
571.3392370976759,10,4,1222,1,1,1,0
2724.736123736823,6,2,112,2,1,0,0
68.21507971567587,20,3,1173,2,0,0,0
1687.427112772286,23,4,381,0,1,1,0
2874.827431719558,9,3,755,1,0,1,0
4187.334688771876,9,5,954,1,0,0,0
837.3491870901854,19,1,1207,1,1,1,0
3443.6159270820062,1,6,796,2,1,0,0
234.48777019755468,2,3,337,0,1,1,1
3747.487914423375,7,4,1362,0,1,1,0
272.75926105614167,10,4,1995,1,1,0,1
1012.6292624197287,12,4,1838,0,0,0,0
3192.01072665298,6,2,1324,1,0,0,1
324.8435798408323,12,6,1625,1,1,1,0
520.7860448895019,1,1,222,0,1,1,0
2562.086195289811,5,6,1012,2,0,0,0
2546.1923439833895,8,3,760,0,1,1,0
2049.6884174747815,19,3,1433,0,1,1,0
2368.003418175234,1,2,1991,1,1,1,1
1564.9382023912763,17,3,689,0,0,0,0
580.1673985188198,15,5,118,0,0,0,0
848.3663875865268,11,4,174,0,0,1,0
400.80254903306366,6,4,1243,0,0,1,0
4781.752278647304,6,2,1400,2,1,1,0
1751.2181092731971,16,4,1754,0,1,0,1
1024.4913189580448,12,5,319,1,1,0,1
1239.8150126423266,10,3,1613,0,0,0,1
5885.647473994422,5,5,1112,0,1,0,0
332.93910025700137,22,1,1932,1,0,0,1
1764.889218217108,13,4,1102,1,1,1,0
1409.9888815863546,5,3,441,1,0,1,0
1890.6886360061455,5,6,1225,0,1,0,0
36.55236081299447,1,4,1600,1,1,0,1
4113.387045081393,21,3,415,4,1,0,1
5379.9770733825035,19,2,1028,1,1,0,1
1665.4309278867954,14,3,950,0,1,1,0
2385.7414810519163,16,3,83,2,1,1,0
5114.938715691253,7,1,1729,1,1,1,0
2456.7949067850363,4,2,989,1,1,1,0
331.0210182482434,16,3,493,2,1,0,0
1717.4042997051204,19,4,6,4,0,0,1
1866.44171406803,0,3,705,1,0,0,0
1103.7490078456422,21,1,1753,0,0,1,0
2666.980607766784,17,1,347,2,0,1,0
5447.3537715249495,14,1,534,0,0,1,0
5195.752426108234,4,4,657,2,0,1,0
1198.7285926072352,6,2,955,0,1,1,0
240.35740910356836,17,4,1821,1,1,0,1
8378.347978241412,5,2,451,0,0,1,0
3651.4362216368854,21,3,1169,1,0,1,0
266.2919194341268,20,5,1026,2,1,1,1
5072.615881926552,4,4,1312,3,1,0,1
4078.847862453727,18,3,918,2,1,1,0
1463.1027719372985,9,1,1895,1,1,1,0
1789.4275736581496,14,4,1249,0,0,0,1
1018.3296868180272,9,4,954,1,0,0,0
112.63629848658758,15,3,1461,0,1,0,1
816.5297726014823,11,4,214,2,0,1,0
3247.6158221323576,17,4,1967,2,0,1,0
9.28556813268577,22,3,900,2,1,1,0
811.4277931803374,0,1,1190,2,1,1,0
1015.5561897093563,15,1,373,0,1,0,1
1541.7660482477636,21,4,653,2,1,0,0
5047.850952306083,5,4,1853,1,0,0,0
850.3542217815801,2,3,507,1,1,0,0
852.2129719169906,1,2,983,0,1,1,1
2675.017903331131,1,3,576,2,0,0,0
1203.7555469846789,12,3,333,0,1,1,0
508.76494740545076,8,4,212,0,1,1,0
1204.5647011523101,15,3,289,1,0,0,1
303.6398438627741,4,0,610,0,1,1,0
388.1090064161935,22,5,166,1,1,1,0
1379.7760856056354,20,2,126,0,0,1,0
1085.7524325120141,6,2,1181,1,1,0,0
4926.585470505625,12,3,1786,2,1,1,0
900.0691660794565,19,2,1597,1,0,1,0
1737.8047675705438,23,2,1056,1,0,1,0
2000.7815450356961,12,2,1931,0,1,0,1
26.361889651318453,6,1,274,1,1,1,0
2178.536394071978,9,3,1325,1,1,1,0
392.1172803984964,14,4,1045,0,1,1,0
6491.996544544853,20,1,1548,2,0,0,0
321.8938086203602,5,2,1780,1,0,0,1
1071.0022290732138,4,3,615,2,0,0,1
178.42687530100625,22,2,276,0,1,1,1
11536.163230301518,1,4,1031,0,0,1,0
1395.0937313164522,20,0,1883,2,1,1,0
1809.6386481778914,14,4,1016,2,1,1,0
138.86410165650832,15,2,1479,2,0,1,0
2772.272510431998,18,7,1154,2,0,0,0
471.2056765005264,8,4,1323,0,0,0,0
4566.629713623261,21,2,97,1,1,1,0
459.1776563216667,18,2,277,2,0,0,1
423.1408596176317,6,6,1309,1,1,0,0
74.46868371534433,3,2,800,1,0,1,0
1277.5715865909278,2,8,1197,1,1,1,1
1664.088207352361,23,3,332,0,0,0,0
135.93388035831293,19,2,205,2,1,0,0
2988.0051871967444,10,2,103,0,1,1,0
1207.6693005872435,0,4,1004,3,0,1,0
1486.3153091851937,5,4,1649,0,1,1,0
1162.3629435751607,10,6,955,1,0,0,0
1024.1964025498428,0,4,360,2,1,0,0
1640.3269142757495,20,4,1155,0,0,1,0
337.40601352191095,6,5,39,1,0,1,0
401.610172417251,5,3,307,2,1,1,0
3957.8986565922805,13,2,884,0,0,1,0
5841.823418529371,1,3,520,1,1,1,1
934.6043749502771,3,2,878,0,1,0,1
631.4627313853321,10,2,46,2,0,0,1
2065.6465301889143,14,8,194,1,0,1,0
1050.9791352144925,17,2,1542,0,1,1,0
51.42829746529406,0,4,1904,0,1,1,0
339.56720659902123,2,8,1594,4,1,0,1
2517.366519706091,2,5,1193,0,1,1,1
2151.2995646350714,6,7,1146,0,1,0,0
54.9397157688802,0,3,249,1,0,0,0
501.98594773341,10,1,1013,1,0,1,0
525.523157901862,5,2,207,2,1,1,1
2228.8294456557037,19,2,115,1,1,1,0
39.81476258427881,2,2,239,1,1,1,0
219.87211720274564,18,6,566,1,0,1,0
3218.036854592483,1,2,1100,0,0,0,1
393.3554189035707,17,5,1193,1,0,0,0
2115.3981778411535,11,2,1072,0,1,1,0
544.0972444179905,9,4,736,2,0,1,0
209.48006696974264,4,5,1094,0,0,1,0
557.2390328228945,8,1,508,3,0,1,0
2562.1896261940637,1,4,155,1,0,1,0
3871.6726749078593,1,1,1583,0,1,0,0
3546.5019999511287,5,5,461,0,1,0,0
1012.2849789501769,9,6,1397,0,0,0,0
2205.75355680919,17,4,791,1,0,0,1
458.7868206579616,11,3,1226,2,1,1,0
693.8671772250336,3,1,654,3,1,1,0
4533.197257261809,21,1,317,0,0,1,0
26.174376792570005,20,1,451,0,0,0,0
178.77427926089825,16,3,1662,1,0,0,1
466.10056047963036,14,2,1868,1,1,1,1
53.78107044863377,5,0,1689,1,0,0,0
400.4060065805455,15,1,577,0,1,1,0
1749.5374574887333,16,6,1120,1,0,1,0
1094.3726367356007,2,4,1944,2,0,1,0
4463.726041643655,9,2,1717,2,1,1,1
3401.391806038957,4,4,496,0,0,0,0
836.5456103380641,13,5,362,0,0,1,0
600.652504294557,20,0,457,0,0,1,0
955.0796162170755,12,0,1202,1,0,1,0
1784.6355002866105,5,4,129,1,0,1,0
624.1234196305458,11,3,1514,1,1,1,0
1957.1244910941753,7,4,1063,1,0,0,0
1053.2720785596223,4,1,1482,0,1,1,0
1606.134733029689,14,3,812,0,1,1,0
1145.850790182224,15,4,873,1,1,0,1
697.5999505246663,0,2,350,1,1,1,0
5930.534442304407,15,5,645,0,0,1,0
2884.5090074652726,4,2,1915,1,1,1,0
301.90899624604174,2,4,452,1,1,1,0
4057.0098554386477,19,2,1404,1,1,1,1
1336.640659323833,14,3,109,1,1,1,0
4499.078980579487,12,3,1608,0,1,1,1
3217.428907859801,23,0,1232,0,1,0,0
1107.5132385172146,15,5,577,0,1,1,0
45.45117895508023,22,5,241,1,0,1,0
625.8010955529734,10,2,591,1,0,1,0
1560.1755113595925,20,2,1112,1,0,0,0
2007.3946638690727,1,1,1423,1,1,1,1
596.5093598578778,21,0,1714,2,0,1,0
300.14883766143106,5,5,1286,1,1,1,0
3602.7741743247834,5,2,578,1,0,0,1
8321.248326374467,13,5,325,1,0,1,0
1491.7890939441738,10,3,371,0,0,0,0
376.70972732014786,7,1,1959,0,0,0,0
635.7529434578657,7,1,105,1,1,1,0
37.12377482153202,0,4,98,0,0,1,0
4913.777055387114,20,5,1511,1,1,0,0
250.562087692406,6,1,96,1,0,1,0
1718.4813377363118,5,0,1949,0,0,0,1
640.5626572055858,20,1,1496,1,1,1,0
1615.6710308139707,7,7,46,0,1,0,0
2107.777267972054,18,4,890,0,1,0,0
3540.87838484472,21,5,31,3,1,1,0
462.4050550090717,20,2,408,0,1,0,0
22.113459263394393,23,4,1399,2,0,1,0
294.41614137478103,19,4,1406,3,1,0,1
4605.5430577063635,7,0,1935,1,1,0,0
4141.202704106245,13,3,716,1,1,1,0
1819.688620392985,17,3,1684,1,1,0,0
1835.167437010694,15,5,644,1,1,0,0
2187.468458815025,8,3,698,3,1,1,1
385.6440572771043,14,5,973,1,0,0,1
4916.419121542603,9,4,701,2,1,0,0
1085.219268692636,21,0,1513,0,1,0,1
966.2215986557369,15,2,1663,1,0,0,0
1463.433865245362,3,1,876,0,0,0,0
96.20932858395443,19,3,906,0,0,1,0
363.72341009854466,12,5,809,0,0,1,0
2679.0781808479264,21,6,1333,0,0,1,0
172.8565513436872,4,2,599,0,0,0,0
1848.4044379702311,21,2,967,1,1,1,0
563.0000672008816,6,6,633,2,0,0,0
986.2845138503767,22,9,1868,0,1,1,0
681.3043839082919,8,3,1840,0,0,1,0
879.096955445707,7,0,1935,0,0,0,0
2539.1279732773737,15,3,135,3,0,1,0
705.1430792111017,5,1,328,1,1,0,0
1671.2870614114045,15,3,199,0,0,0,0
1292.7195733805233,5,3,683,0,0,0,0
2179.331846185357,13,2,1284,1,0,0,0
5523.8432950259385,20,0,124,1,0,1,0
2637.8105425100857,0,4,754,0,0,0,1
483.99122648809464,8,3,1971,1,0,0,1
63.35935764851569,23,2,1607,4,1,0,1
608.3386040111758,12,1,382,1,0,0,1
1808.1213037461946,18,3,1531,1,0,1,0
105.59055619954937,16,0,571,0,0,0,1
1371.8119120523777,10,4,1133,1,0,1,0
1816.8576799751204,7,4,1065,0,0,1,0
813.6637558762008,22,1,1469,1,1,0,0
2947.2999182934695,4,3,798,2,0,1,0
225.43782952935598,9,3,891,1,1,0,0
156.22101158449402,6,3,1170,0,1,0,0
2605.2948204327854,9,6,1822,0,0,0,0
1368.340453326137,3,5,1927,1,0,1,0
2332.085311466282,8,5,1588,1,0,0,0
1141.2479982577147,13,3,176,2,1,1,0
565.7925075170632,1,2,1303,0,1,0,0
3419.6473971423916,8,5,380,0,0,0,0
3213.04312792038,20,5,165,1,0,0,1
2372.8976394182428,0,6,1863,0,1,1,0
635.3072299760641,22,1,1510,2,1,0,0
1784.3217594469286,9,4,764,0,1,1,0
895.6199511596441,9,1,615,1,0,0,0
192.10146921330644,19,1,1589,0,0,1,0
4985.399687075283,21,4,1791,1,0,0,0
294.2608976390401,2,5,1385,0,1,0,1
6000.981306245525,5,2,173,2,0,1,0
1181.2020255817445,5,1,763,1,0,0,0
409.46056382693166,20,5,1201,2,1,0,0
1561.339692303473,1,5,1073,0,0,0,0
4126.283588564117,17,1,1135,3,1,1,1
2635.2155582609475,22,3,1234,2,0,1,0
3285.5876521475147,1,7,1784,4,0,1,0
2150.4754303408054,11,3,1711,3,0,1,0
2357.1076722830644,21,2,619,0,0,0,0
3783.543976100559,4,2,665,1,0,0,0
574.4790310802402,19,5,859,2,0,1,0
1344.4353323424828,6,2,1179,2,0,0,1
500.02625821224467,23,2,1676,1,1,1,0
8791.116834810658,15,3,1687,3,1,0,1
5766.927574640829,19,2,1297,0,0,1,0
80.45020241075818,0,3,556,1,1,1,1
2445.463126391458,0,2,1607,0,1,1,0
5187.167114950511,16,2,637,0,0,0,0
398.30565077570003,0,0,1688,0,1,1,0
1678.4058352918046,20,7,1479,2,0,1,1
4941.730528251061,19,5,1885,1,0,0,0
69.07104708842363,12,1,1340,0,1,0,0
2390.8209137857707,8,1,1845,1,0,0,0
705.7899294904256,14,2,1756,0,1,1,1
5164.497342711352,2,3,215,1,1,0,1
7084.939845244507,13,2,1354,0,1,1,0
5774.347362481949,22,3,144,0,1,0,1
1285.7228103969164,10,4,619,2,1,1,0
3961.6214134707166,23,3,1008,2,1,1,0
3722.854546598158,21,9,354,0,1,1,0
768.6810430390688,11,3,281,0,1,0,1
3531.1950827893065,12,4,1346,0,0,1,0
75.41959053781945,12,1,1330,1,0,1,0
1814.0172805756138,0,4,837,0,1,1,0
522.7524823945714,23,1,1870,2,1,0,0
256.9555349432881,9,4,1503,1,1,0,0
160.15068660876548,2,2,1960,1,0,0,0
2383.355899376474,23,5,390,0,1,1,0
830.652026137134,3,3,1088,1,1,1,0
2580.2728744407555,15,4,1820,1,1,0,1
135.17987097894866,7,1,265,3,1,1,0
757.5207628353564,15,2,6,2,1,0,0
1550.847028800099,16,3,913,2,1,0,1
3128.194666675975,18,6,168,0,1,0,0
767.659214080318,21,5,355,1,0,0,0
1966.4181728043252,14,4,1996,2,1,0,0
4342.72331744854,15,3,173,1,0,0,1
1913.5130181441723,14,5,850,3,1,0,0
530.431285931699,1,3,119,1,0,1,0
49.40682748831045,10,3,1963,0,1,1,1
4081.963372748363,0,5,1250,0,0,0,1
42.997728320522626,14,5,174,0,0,1,0
4154.115533208341,18,3,959,1,1,0,1
1505.5274409391088,3,4,129,0,0,1,0
5595.9836855853255,10,2,187,0,1,0,0
3206.7450460462505,4,2,1087,1,1,1,0
12364.388821694653,2,1,1999,0,1,0,1
863.7572336965675,12,3,893,1,0,1,0
2915.050518222916,9,4,1298,0,0,0,0
1028.0980052458817,10,1,598,0,0,0,0
1307.3746085703826,17,3,210,2,1,1,0
1975.0658152562307,1,5,1009,1,1,0,0
4137.82812806478,6,1,1217,1,0,0,0
8280.794073682617,8,4,750,0,1,0,1
2924.39422067845,9,1,532,1,1,1,0
1081.7683871822837,17,9,952,4,0,1,1
1094.1391516380484,22,2,1206,2,1,1,0
2675.6355519473314,6,0,560,2,1,1,0
545.6582401191886,6,2,228,0,0,1,0
234.13333916132297,2,3,566,4,0,0,1
875.838663188233,11,1,614,1,0,0,0
677.218212835652,6,2,89,3,1,1,0
702.8293794646111,16,4,1168,3,1,1,0
532.1223319189935,0,1,1684,0,1,1,0
86.00956187469465,4,2,1766,1,0,0,0
36.07120566389812,15,2,815,1,1,0,0
8799.955958224604,14,0,250,2,0,1,0
1116.439493784204,1,2,225,2,1,1,0
970.0774549106357,8,4,903,0,1,1,0
2276.665297252894,6,5,1943,3,1,0,0
492.45051188186665,3,3,971,1,1,1,1
5989.912507479552,19,6,673,0,1,1,1
3086.7855637511725,17,2,168,2,1,0,0
187.3272772820139,20,3,110,2,1,1,0
1081.1295480667795,3,4,1797,0,0,1,0
4225.885920281707,12,5,1197,1,1,1,1
5791.123206241665,0,1,1535,0,0,0,0
1259.9748862027845,23,3,1903,0,1,0,0
1900.788345152873,2,1,297,2,0,0,1
365.5247785135971,15,4,1928,0,0,0,0
9458.889372185626,21,4,243,1,0,1,1
527.0763300353666,3,3,209,2,1,0,1
5720.018662987776,22,1,1267,0,0,0,1
2097.6261189371203,15,3,1278,1,0,0,0
1871.644445744388,18,0,1106,2,0,0,0
1437.7035051848823,0,2,1458,0,1,1,0
524.4700561039252,4,2,1499,1,0,0,0
388.4515400467345,18,8,1567,1,0,0,0
498.1697972410135,21,0,1028,0,0,0,0
412.66692710910036,23,0,1218,1,0,0,1
3024.481515145593,10,4,1080,1,1,0,1
861.9512821461487,12,1,261,1,0,1,0
119.16601666553696,19,0,1617,1,0,0,1
6954.168433053549,4,4,1590,1,0,0,0
4304.641940052001,20,5,380,3,0,1,0
5255.309107613509,3,4,1511,2,0,0,0
10560.099538099414,3,3,96,1,1,1,0
382.06739315237064,3,5,1885,2,0,1,0
1009.1637097877615,3,3,1360,3,1,1,0
2839.6069509625413,19,1,769,0,0,1,0
2381.590804842675,20,1,1740,0,0,1,0
334.2257695870137,17,0,1747,1,1,1,0
3383.8260059726304,17,5,1353,1,1,0,0
508.34133448117257,15,3,1520,0,1,1,1
506.7355079392861,8,2,829,1,0,0,0
1539.9459685816742,17,2,1662,0,1,1,0
1797.5890483738378,21,4,1543,1,1,0,0
1735.4116910589348,1,3,926,1,0,1,0
191.89180594202747,20,2,1149,1,0,0,1
4198.649622582847,3,3,1807,1,0,1,0
617.4029953340311,11,3,620,1,0,0,0
277.40932193880064,6,2,260,4,1,0,1
4391.916196960067,14,3,831,2,1,0,1
6231.352705506558,6,2,1606,1,1,1,1
3962.8535689499245,21,2,550,0,0,0,0
3316.3749394672245,20,3,1711,2,0,1,0
2129.82500239724,16,4,700,0,0,0,0
1600.8295631397975,15,5,1763,2,0,1,0
182.0097935047016,18,4,1794,2,1,1,0
1050.0289998205296,8,3,709,2,1,0,0
932.6241572612323,13,5,1032,0,0,0,1
601.544846952569,16,2,563,0,0,1,1
2570.511159994137,4,4,373,0,0,1,0
1369.8649678353072,1,3,222,1,0,1,0
169.0388944711171,19,4,1904,1,1,0,0
497.3925223608329,15,4,531,1,0,0,0
2299.340255194498,13,1,350,1,1,0,0
158.36968038982462,13,2,1783,0,0,0,1
3810.3972460884097,0,4,31,0,0,0,1
1366.9740886241568,2,3,1616,0,0,0,0
1310.110274871182,6,3,1382,0,0,0,1
1794.9761531761496,14,6,22,1,0,1,0
3482.2958258889535,18,4,1313,3,0,1,0
854.8362678904305,19,6,754,1,0,0,0
2266.5077958457023,1,4,214,0,0,0,1
1668.1866820699472,18,1,712,1,1,0,0
621.2962912021414,8,4,1189,0,0,1,0
4217.822870880716,18,3,140,1,0,1,0
3193.300267505465,4,5,1394,0,0,0,1
2148.533138769752,17,3,965,1,1,1,0
3802.011437083213,15,2,1344,0,1,0,1
4039.24127644106,3,1,409,0,0,1,0
2464.490641818622,11,2,438,1,0,0,1
3628.173701241865,6,5,797,1,1,1,1
2391.1593287439678,13,2,13,0,1,0,1
2279.7485834577296,22,5,501,0,1,1,0
1927.8728380443763,11,4,1050,1,0,1,1
2794.4407832521283,2,1,534,2,0,0,1
345.388350922558,4,2,861,1,1,0,0
4255.092636104307,16,1,76,1,1,0,1
4109.006644285871,9,2,366,0,0,1,0
59.36702308604403,9,2,1515,0,0,0,0
3495.2947525506274,10,3,1116,3,0,0,1
275.92781480751125,16,3,841,1,0,0,0
816.2939650186172,4,6,887,3,1,0,0
2721.3176063214833,12,6,1290,1,0,1,0
350.5168694591264,9,2,1584,0,0,0,0
3407.1348443171446,8,4,499,1,1,0,0
3569.1805940244476,16,5,1194,0,0,1,0
1416.390610619194,0,3,1370,1,1,0,0
12.812697234830333,3,3,1781,0,1,0,1
676.6546854237102,3,3,1252,0,0,0,0
1919.0589887274768,17,5,699,1,0,0,1
7946.326935948816,8,2,1973,2,1,0,1
1998.3314981781268,17,3,680,0,1,0,1
601.6793940202341,13,3,203,1,0,0,1
2010.2750558831008,14,3,446,2,0,1,0
1552.9940135553427,5,2,518,0,0,1,0
3026.850460258931,23,3,132,1,1,0,0
226.29403459165812,9,2,1269,1,0,0,0
2862.816961472966,14,5,91,3,1,1,1
1558.572038139779,3,4,1847,1,0,0,0
6593.242555535331,17,4,1150,3,1,1,0
836.7121799782224,17,2,472,1,1,1,0
2002.7273946900461,16,3,1989,1,1,0,0
5377.321951137103,11,5,1266,0,0,1,0
216.30599533054922,6,2,502,0,0,1,0
5536.507853677537,15,5,761,0,1,0,0
2328.771767115938,10,0,387,0,0,0,0
140.4953005822166,13,2,1031,0,1,0,0
716.1048328564797,2,0,1112,0,1,0,0
2463.181990242625,18,1,598,0,1,0,1
139.45185478952263,17,3,908,1,1,0,0
1745.3634581899275,9,4,867,2,0,0,0
848.9382630227224,5,3,1169,0,0,0,1
1939.9923809496695,12,6,1475,0,0,0,1
93.64247855590969,9,3,1355,1,0,0,0
4104.2256897538255,17,3,1734,0,1,0,0
7260.388750288683,19,5,1899,0,1,1,0
6939.671328983502,15,5,1188,1,1,1,0
2769.80531392246,5,1,657,1,0,1,0
278.7223976676115,12,3,342,0,0,0,0
2839.8114623207202,3,3,1025,0,0,0,0
49.78844456502263,22,4,1144,1,1,1,0
44.74389546894773,13,6,1603,0,0,1,0
781.9715404344604,0,4,464,0,0,1,0
1341.3753498433603,19,5,1891,0,0,1,0
2942.8978451677135,4,4,462,1,0,1,0
2299.571453781638,7,3,1073,1,1,1,0
1180.829974791417,11,2,819,1,0,0,1
639.3823251168141,1,3,1351,1,1,1,0
11703.057523313959,11,2,474,0,1,1,1
1110.8835802200683,4,4,888,2,1,0,1
1200.7240968490858,21,3,939,0,0,0,1
357.3535849091114,4,2,368,0,1,1,0
3167.6334012746165,12,4,1311,1,1,0,1
2366.2644760731478,8,1,1048,1,0,1,0
498.89705890635196,9,3,723,2,1,1,1
171.9461138047574,0,3,293,0,1,0,1
2281.9916414744807,2,3,1473,6,0,0,1
2125.590188846286,17,4,1087,1,0,0,1
638.3716973474793,11,0,568,2,0,1,0
6026.3088127702185,2,2,1482,1,0,1,0
327.5285663893017,8,2,1554,0,0,0,0
1132.4469450068234,1,2,874,0,0,1,0
5751.136865599309,2,5,961,0,0,1,0
1088.5142853871002,13,2,1437,2,1,0,0
2035.1300354602056,3,2,589,0,0,0,0
1013.6486060182792,18,2,260,2,0,1,0
641.0034601337625,12,3,1657,0,1,1,1
8267.541058263549,6,3,908,1,1,0,1
1053.0091516908465,11,5,184,0,0,0,0
4490.5050136962645,2,3,1072,2,1,0,1
522.6116249677809,22,2,147,1,0,0,1
479.3201627577158,22,6,1818,1,1,0,1
63.25809819111,8,5,1900,0,0,1,1
2109.191717751979,1,4,1830,0,1,0,0
919.3981083444028,21,3,592,0,0,1,0
3995.476117653587,8,3,1772,3,1,1,1
1281.9062294056273,11,1,1433,1,1,1,0
6896.164682401602,11,2,1018,2,1,1,0
410.4243565216768,14,5,440,0,1,0,0
4059.371009459821,1,2,1482,1,0,1,1
2997.554609348595,17,5,229,1,0,1,0
2947.3840877800726,12,5,1308,1,1,0,0
3725.865221629178,13,2,1597,2,1,1,0
2862.784225207454,4,5,732,0,1,0,1
1968.1775008471277,9,5,1369,0,1,0,0
281.38797185516495,11,2,1625,3,0,0,0
66.13382669997142,9,4,947,3,0,1,0
5072.766603628528,23,1,1932,2,0,1,0
1917.6153788615604,10,3,1288,0,0,1,0
3184.545077863279,1,6,740,0,0,1,0
1313.7167205395892,4,4,378,1,0,1,0
249.55832834801606,6,2,1127,1,1,0,0
267.4874982326768,5,6,954,2,1,0,1
2313.9576298894226,21,5,600,1,1,1,0
1125.3114398483806,22,4,23,0,0,1,0
447.59934978327226,2,7,293,0,0,1,0
1352.9520268186618,12,5,1291,2,0,1,0
132.72610158691933,2,4,1553,0,0,0,0
1744.4108646499012,23,3,476,1,1,1,0
626.6655932249148,20,2,952,0,1,1,1
3194.6145800639238,5,3,1973,1,0,1,0
743.1767943603876,10,3,451,1,0,1,0
1214.747018390625,16,3,898,0,0,1,0
23.377172101861806,9,3,285,2,0,0,0
150.41044461339573,11,0,1337,1,1,0,1
996.7849941714344,16,6,1186,4,1,0,1
1307.6176975600254,3,3,590,1,0,1,0
1832.6842069838267,1,4,122,1,1,1,0
689.6694301489164,10,0,1505,1,0,0,0
2374.768228778372,6,1,1136,0,0,0,1
3933.9750088062046,1,2,1263,0,1,1,0
3026.9012773951417,17,1,1234,0,1,1,0
80.8500327954063,20,4,1373,0,1,0,0
1309.8036830042165,3,2,511,0,1,0,1
221.70710161909227,7,4,2,1,1,0,0
554.2625655694364,19,4,892,1,0,0,1
8634.365310458867,13,2,1739,2,0,1,0
307.45780434611726,11,5,799,0,0,0,0
1381.8519124180148,21,5,629,0,0,0,0
1925.4848699225731,20,1,1905,1,0,1,0
2424.4466297154763,17,5,461,1,1,0,0
1640.3648480762213,10,2,1836,0,0,1,1
19.637790769126454,7,1,1919,1,1,0,1
790.4196719957203,1,5,1882,2,1,0,1
1458.4261871453666,14,6,952,1,0,1,0
183.93783420810144,8,1,1506,2,0,0,0
863.4957821673652,18,5,1974,1,0,1,0
67.53369141104811,19,3,1973,0,1,1,0
163.6753792161745,7,0,1650,2,0,0,1
1011.4217070711898,18,1,1610,1,1,1,0
284.7770118493228,4,5,972,3,0,1,0
1676.5348078362415,10,2,1265,3,0,1,0
2338.917126316868,14,3,982,2,0,0,0
3224.7514382215186,7,3,814,3,1,1,0
446.6627485156944,18,4,54,0,1,0,1
366.6022702701539,22,3,1695,1,1,1,0
220.89763457015135,7,4,1491,0,0,1,0
2023.5682294082608,18,3,109,1,0,1,0
2451.589879023199,17,7,280,2,1,1,0
64.19149347206422,9,3,1689,0,0,1,0
5504.388108897818,6,3,1699,0,1,1,0
106.74097135801607,8,1,1081,0,0,0,0
1558.701776191244,0,3,840,0,1,0,0
2469.280008122478,18,2,837,4,0,0,0
4095.407104909522,4,5,1238,1,1,1,0
2504.1349457440524,18,6,1532,1,0,0,1
3236.231745193452,0,4,1052,1,1,1,0
829.3654982928672,14,4,204,1,1,0,0
3372.9091386958467,15,2,545,0,1,1,0
167.01289951632532,22,3,309,1,0,0,1
4504.100637570432,6,5,1658,0,1,0,1
1586.343365757859,11,2,528,1,0,0,0
3399.7952193310375,7,3,1690,3,1,0,0
1204.1219438700928,4,3,1932,0,1,1,0
2063.2780034401776,9,3,1367,1,1,1,0
1494.7956279175392,20,4,1009,0,1,1,0
2630.4756699738414,4,3,1242,2,0,0,0
170.30979977791233,16,0,617,0,0,1,0
124.50006263803016,4,3,1613,1,1,1,0
567.6543150798328,21,2,1111,3,0,0,0
347.6229730303001,14,6,31,0,0,0,1
4108.071114004796,12,1,100,1,1,0,0
494.9083163611079,0,2,667,0,0,0,0
7448.205618868186,10,2,804,0,0,1,0
821.6462486628586,22,1,1339,0,0,0,0
402.07420795770577,0,4,495,3,0,1,0
3118.4261951886947,10,5,1642,0,0,0,0
2150.032410683037,17,2,471,1,1,0,0
1379.0902174468677,17,4,742,0,0,0,1
1620.9965982312413,20,4,1539,0,0,0,0
2540.2378794579326,15,3,734,1,1,1,0
518.7198913734135,12,4,1657,2,1,0,0
11217.262464095409,6,2,1696,1,1,0,0
7361.27995578019,0,2,1807,2,0,1,1
2101.5061802651135,15,3,998,0,1,0,1
445.1435569377867,0,3,331,0,0,1,0
2280.2955905507374,16,2,1218,1,1,1,0
149.87474366858658,5,2,1754,1,1,1,0
62.26423304723896,1,6,1215,1,0,0,0
595.9575062777931,16,2,252,0,1,1,0
1242.1106037468778,5,4,1762,1,1,0,0
4054.039850381681,13,2,1025,1,1,1,1
2597.8059576357778,17,4,1483,4,0,1,0
2715.0758094986436,5,3,1669,0,1,0,0
1108.4871588148278,9,0,1114,2,0,1,0
849.0970653789652,23,4,518,3,0,0,0
927.3713010945941,17,2,1507,0,1,1,0
8788.12778303301,8,2,1780,0,1,0,1
81.87148408785734,7,3,1669,1,1,0,1
4035.2859835114778,9,6,1140,0,1,1,1
1728.7034827053249,16,5,73,0,1,1,0
1154.698162069319,22,5,156,1,1,0,1
2583.843134977741,5,0,723,2,0,1,0
1333.6686071984282,13,4,69,2,1,0,0
4133.812682535534,21,4,471,1,1,1,0
4619.256959240749,21,3,492,2,0,0,1
1095.3974027080496,5,4,300,0,1,0,0
648.2158141702838,6,2,1168,2,0,1,0
1794.6942438818185,11,2,1735,2,0,0,0
4869.111879047198,2,1,1230,0,0,0,0
473.1217979000491,13,5,918,2,1,1,0
1950.842915399151,21,2,713,0,0,1,0
1996.956000451087,18,0,751,0,1,0,0
2641.860030253711,22,3,407,1,0,1,0
282.13125940532086,15,3,939,1,0,0,0
2516.32981825422,6,4,580,1,0,0,1
4794.50641257849,7,2,1707,0,1,1,0
396.12912156028915,17,4,1946,0,1,1,0
542.4191833743239,12,4,1321,2,0,1,0
7108.354077723023,20,0,582,1,1,0,0
399.2861095103158,8,1,799,0,0,1,0
3853.579535513316,9,4,529,1,0,0,0
1355.6418851070982,20,1,137,1,1,1,0
567.993939988741,22,3,219,0,0,0,0
4092.0120034896977,8,2,1847,1,0,0,1
1178.6746511199115,14,3,518,1,1,1,0
1446.4597382022362,19,0,1734,2,0,0,0
890.1799183556158,1,0,1472,3,0,0,0
1797.642685370157,12,4,132,1,1,0,0
357.11459523526275,1,1,1387,0,0,1,0
992.1418127269471,18,2,1987,1,0,0,0
6974.316083642288,1,1,1368,0,1,1,0
597.1717608480124,2,5,1720,1,0,0,0
2138.5147690342055,5,1,1042,3,1,0,0
786.6484087778541,2,3,1440,1,1,1,0
2969.78338141433,9,2,1749,0,1,0,0
280.5335592202735,23,3,560,1,1,0,1
7001.2209088488,5,1,1565,3,0,0,1
1209.5018443294757,22,5,928,3,1,1,0
538.5070869954404,15,1,1177,2,0,1,0
152.67544511187415,16,3,332,0,0,1,0
372.07588020918786,18,4,1774,1,1,0,0
1466.996690859163,2,4,319,1,1,1,0
821.9701596103332,17,1,1801,1,1,0,1
3530.819768244315,6,4,1223,3,0,0,0
1127.354381371185,8,1,1550,2,0,0,0
571.938473951702,19,2,1812,1,0,1,0
1920.1978331469356,11,3,980,0,1,1,0
2453.64521391869,4,5,1034,0,0,1,0
365.5438953716936,2,3,1163,0,1,0,1
366.9305402615214,10,5,167,1,1,1,0
74.72145601896547,3,1,147,1,0,1,0
2666.660241579668,4,2,1427,1,1,0,1
2180.125050294198,0,2,1781,1,0,1,0
1287.3083392705855,17,4,939,0,0,1,0
3717.9849813523,11,1,445,1,0,1,0
3276.396642338703,12,2,70,3,0,1,0
1760.6620272718433,8,1,1352,0,1,1,0
4054.021253058005,1,2,833,1,0,1,0
460.9437007411471,4,4,919,0,1,0,1
237.38604278056917,12,1,616,1,0,0,0
628.7356114562158,15,8,1253,0,0,0,0
117.56221345992542,15,6,1852,0,1,1,1
1515.0280856678878,23,4,1674,1,0,1,0
5516.762410803933,2,4,319,0,0,0,1
80.27683281876446,21,2,1922,2,0,0,0
260.46775996623353,3,3,36,1,1,1,0
1203.6864966038618,10,5,1654,0,0,1,0
5432.417307751989,22,3,255,0,0,1,0
760.051222113574,13,3,1337,2,0,1,0
1415.4450075426903,2,1,962,0,1,1,1
84.9234660021034,15,3,335,0,1,1,0
321.1433026728379,21,3,1044,1,1,0,0
8629.502169066758,14,3,298,3,1,0,1
6711.608615639818,9,3,1045,1,0,1,0
9.904445947655232,8,2,478,0,1,0,0
6065.281597357631,10,3,1792,1,1,0,1
2038.4192271370018,15,3,1784,1,1,1,0
4048.6691339530216,9,5,472,4,1,0,0
1212.984538184019,16,1,962,0,0,1,0
1449.6721373955422,18,3,1702,0,0,1,0
1342.17099901772,1,5,470,1,1,0,0
2198.4104741311667,23,2,1373,0,1,0,1
300.8349084189144,22,2,767,1,1,0,0
60.86396183994254,1,2,590,2,1,1,1
736.1361760275618,5,3,1989,1,0,1,0
2439.396695081679,18,1,792,0,0,1,0
450.9261088732207,7,2,1818,1,1,1,0
2238.2368186639583,2,1,386,1,1,0,0
7007.2607804584195,13,2,942,2,1,0,0
197.21278744357392,15,2,1901,1,1,0,0
2233.1581678090724,0,2,1570,0,1,1,0
1173.075679514347,20,3,446,1,1,1,0
4052.0632443870327,2,2,1961,3,1,0,0
389.9621981172876,21,1,99,0,0,1,0
2359.3797527607076,17,4,655,2,0,1,0
3641.7417231952913,8,3,1079,1,0,0,1
5786.8647747605455,5,3,1027,0,1,0,0
2299.272469969244,22,1,1356,2,0,1,1
1375.0252252230791,20,7,934,0,1,1,1
1923.869711101883,0,5,1459,1,1,0,0
4063.6658187358225,20,1,1937,1,1,1,0
1690.7781841380115,9,5,1510,2,0,0,0
61.71663546781039,5,3,1243,2,0,0,0
5345.8110145983455,22,7,1235,2,1,0,0
2339.3150720223007,11,2,817,0,0,1,0
2257.195087758978,3,2,1520,0,0,0,1
485.8639960360479,12,2,661,0,0,0,1
2151.0739873361777,16,3,232,2,0,0,0
1001.3031297917177,7,3,600,1,1,0,1
2106.702271374473,19,2,920,0,1,1,0
225.42613756539208,2,2,1747,0,0,0,1
2144.9846369317133,11,1,1759,1,0,0,0
14883.445819408811,6,4,1832,0,0,0,1
98.82599778860138,11,8,1172,0,1,1,0
7559.726225124457,1,5,1231,0,0,1,0
1044.8113649091945,23,3,360,0,1,0,0
4092.0669220315062,13,4,1443,1,0,0,1
3050.060113868585,21,3,1968,0,0,0,0
1674.1102118531048,22,3,1763,1,1,0,0
2682.253571705317,4,5,1441,1,1,1,0
4215.93820191668,8,4,872,2,1,0,0
1035.5001572974054,20,3,1720,0,1,1,0
792.1184495820129,10,1,1577,0,0,0,1
2202.792634344614,4,3,1206,1,1,1,0
3298.915685942147,2,6,556,0,1,1,0
2873.366737641024,16,2,1234,1,1,1,0
3197.1309528955508,1,1,1873,3,0,1,0
1143.924993483773,23,3,1992,3,1,1,0
3405.6762127717266,0,4,250,1,0,1,0
256.1419253071429,6,2,1536,1,0,0,0
1572.6712566885658,13,1,596,0,1,1,0
11.550611032507708,4,3,139,0,0,1,0
784.8583818863757,18,2,990,2,1,0,0
912.8691252583723,10,7,1255,1,0,1,0
1008.9340703773348,22,3,910,0,0,0,0
2377.9530040622885,1,3,1962,2,1,1,0
983.8706854228129,7,6,1999,2,1,1,0
1190.929171127857,8,5,12,1,0,1,1
542.4212974639559,2,5,980,1,1,0,0
934.4208011013524,1,5,273,1,1,1,0
515.6501950660977,6,7,488,1,0,1,0
152.02617651077443,4,1,1114,2,0,0,0
1849.8991906369124,20,4,1998,0,0,1,0
2206.522950142138,4,0,1049,0,1,1,0
1932.4874602968364,19,4,538,3,0,1,0
1245.3552300338947,12,6,1967,1,1,0,0
955.3806895597999,20,2,1689,2,0,1,0
3980.4254437895097,19,2,985,2,1,1,0
1464.1161096031872,5,3,1596,2,1,1,0
1304.7087830304988,19,2,1084,2,0,1,0
51.953107884028945,17,7,1819,1,0,0,0
834.8157628215953,1,2,1195,1,1,1,0
956.7027297976103,5,4,588,0,0,1,0
1017.7310283959984,8,3,788,1,0,0,0
1735.8221097305413,2,2,1471,0,1,1,0
1525.4342087057378,0,3,1744,1,1,0,0
1872.5027165496394,0,2,921,0,0,0,0
2895.346257573762,18,1,1691,0,0,0,1
3353.14080297033,4,3,1716,1,0,0,0
2532.5694876627817,12,3,1618,1,0,1,0
6225.59745000841,18,0,1034,0,0,1,0
36.801689165400056,11,2,243,0,1,1,0
435.7598214250259,15,3,1202,2,0,1,0
15.183237062831378,18,1,798,0,1,0,1
2085.2658528155034,2,2,257,1,0,1,0
4566.164020132954,11,5,310,0,0,0,0
558.058688555547,4,4,516,0,0,1,0
5235.538332447438,1,2,1239,1,1,1,0
124.31980387744127,21,3,1927,0,0,0,0
5449.457846000236,6,2,1054,0,1,1,1
866.5649586130768,12,2,1370,1,1,1,0
213.88092278387373,14,6,1089,0,0,0,0
1330.5650977988232,21,2,636,1,0,1,0
593.5171261563438,2,3,797,1,0,1,0
670.589985183324,20,2,1177,1,0,1,0
734.2875743225572,19,3,40,0,1,0,0
3249.366039930847,4,4,1050,0,1,1,0
1549.414276276521,23,1,1297,2,0,0,0
745.921391506905,7,2,1183,0,1,0,0
1884.9295219090247,21,6,1725,1,0,1,0
2518.6234492962026,0,1,1800,2,1,1,0
636.6234844160921,7,1,581,0,0,0,1
1067.3326679182042,23,3,1,0,0,1,1
259.95791904280105,17,3,79,0,1,1,0
399.7071354442774,19,1,1252,1,1,0,0
2285.8673852523402,15,2,1351,1,1,1,0
400.4131229672945,17,2,1582,2,0,1,0
1489.5689994642,19,3,620,0,1,0,0
2469.181998879371,11,4,501,1,0,0,0
226.06176704094085,12,2,1499,0,0,1,0
1675.4777451362936,12,4,1379,1,0,1,0
592.9419201849682,9,4,1148,0,0,0,0
6589.725943615852,6,4,1684,1,1,1,0
1321.5367426536143,13,5,978,0,0,0,1
3279.7174348707185,23,4,1448,0,0,1,0
1598.0224999872223,15,5,1276,3,0,1,0
88.76609855973224,14,2,1538,0,1,0,0
2005.6119671487047,11,2,1758,2,1,1,0
6048.401040249465,8,5,1725,2,1,0,0
1840.656845507649,7,1,1531,0,0,1,0
3420.604429415458,17,1,486,1,1,1,0
4311.893060308066,22,1,478,0,1,0,1
517.7481316730004,17,3,1607,1,0,0,0
476.6281883603115,12,2,1895,0,0,0,1
1888.2541294190607,17,6,333,1,1,0,0
1058.7548646671546,14,1,1633,1,1,1,0
3663.4299643378477,3,1,1256,1,0,0,0
4605.6327074257115,16,2,1566,1,1,0,0
872.1209568470294,4,3,30,1,0,0,0
540.6552292168861,21,3,727,0,0,0,1
3033.0385915848974,15,3,173,0,0,1,0
642.6322454683316,8,0,792,1,0,0,0
3458.85785103807,9,3,468,1,1,0,0
1102.3866015108204,23,3,1500,2,0,1,0
2202.5310064107402,17,1,1976,0,0,1,0
200.82403458225158,16,1,723,0,1,0,0
1955.5841381307484,17,2,1341,2,1,1,0
1202.11227592557,6,4,397,0,1,1,0
1766.7202081332096,3,4,125,0,0,0,0
367.87982984631583,4,5,1104,2,0,0,0
2670.242609497065,22,4,696,1,0,0,1
3972.5885264237554,15,3,527,1,1,0,0
488.58065337707876,2,0,1547,4,1,0,0
201.22042252560195,17,3,1420,2,0,1,0
47.844919863147986,22,4,1878,2,0,0,0
2054.2853760991748,20,3,1113,1,0,1,0
1868.369946647836,13,3,1027,0,1,1,0
1582.3908267671313,14,1,536,1,1,1,1
527.7933258825776,16,3,601,0,0,0,0
991.5653301304104,0,0,1545,1,1,1,0
1805.152095078644,20,4,988,2,1,0,1
1373.4034299838318,16,0,1582,3,1,0,1
8810.266326762652,22,4,606,1,1,0,1
293.38322523065466,10,4,1095,2,0,1,0
2375.835124840927,16,2,700,2,0,1,0
1036.0992016207988,13,3,139,1,1,1,0
1117.9306513034314,19,3,10,1,1,0,1
2528.8457228381058,18,8,1539,0,0,1,0
2358.1451506396293,20,5,1555,0,1,1,0
9478.77361572874,6,3,130,1,1,0,1
274.83624827316623,23,2,401,1,0,0,1
219.87450008131083,12,3,1245,3,1,0,1
2577.1655313470847,17,3,642,0,0,1,0
1727.334500935961,22,1,437,2,1,0,0
640.8531849000523,13,4,1424,0,1,1,0
165.50137469559496,0,8,1137,1,1,0,0
179.10174212781587,6,1,1674,0,1,1,0
4492.237024931178,7,5,1476,1,1,1,0
426.05806371992804,17,5,1579,1,1,1,0
781.2659858951616,8,4,1242,1,1,1,0
514.0636601912665,0,10,58,0,1,0,1
876.9984696208415,21,5,1137,4,0,1,1
143.90272146325967,16,3,700,0,0,1,0
1464.0246440510696,18,3,1146,2,0,0,0
140.01369275488273,5,2,408,2,0,0,0
3222.444084318504,2,4,1484,2,1,0,0
532.394615368412,23,2,1109,0,0,1,0
1553.1093822971893,4,2,1642,0,0,1,0
4241.8456329794835,1,2,400,1,1,0,0
2104.664080820528,19,3,356,2,1,0,1
1522.6712651494634,3,5,99,2,1,0,1
784.1120849682922,9,5,1545,2,1,1,0
809.9362024476936,9,4,518,0,1,1,0
2214.2183011394723,23,6,108,1,0,0,0
10278.99334941461,20,4,1985,1,1,1,1
2168.4674539304624,10,1,1998,1,1,1,0
1631.9110219359625,15,6,152,0,1,0,0
2623.4910483856224,16,3,906,0,0,1,0
1251.7458559648178,15,1,850,1,1,1,0
124.0536869664351,6,3,749,1,1,0,1
1652.428520287922,15,2,1993,2,0,0,1
6322.40685459067,2,2,27,0,0,0,1
385.47832588140705,15,4,119,0,1,0,0
2342.397516936516,7,3,723,1,0,0,0
448.6226874845159,11,2,100,1,0,1,1
1534.998852052893,2,2,3,1,1,1,0
203.34896740472178,16,2,806,0,0,1,0
1197.0233156917614,20,1,1993,2,0,0,1
2822.513317084913,17,3,1866,1,1,0,0
854.1075229709083,10,3,1353,1,0,1,0
2186.7225457521768,3,2,1553,1,0,1,0
3173.8852858327004,15,0,1130,2,1,0,0
5239.469385408418,16,2,1254,0,1,0,0
534.8233754311112,8,3,304,1,0,1,0
1019.3722658290696,5,4,177,3,0,1,0
330.7306906448056,23,4,1963,0,0,1,0
9781.309924096111,19,1,84,1,0,0,0
5234.618194317145,1,1,263,1,0,1,0
1552.8711975982455,8,2,1220,1,1,1,0
3690.7419841239434,20,8,1273,2,0,0,0
1471.9339105965726,5,2,1406,1,0,1,0
1954.1296972434616,2,8,458,0,1,0,1
186.69795908604362,19,0,1685,1,1,1,0
2815.202870311478,5,4,1742,0,0,0,0
273.27467045781424,6,3,409,0,0,0,0
3498.1774698706786,0,4,1105,2,1,0,1
3046.7781340373303,22,6,1725,0,0,0,0
2467.110138187218,0,5,1436,0,1,0,1
73.66073610310623,4,1,206,1,1,1,0
722.3080801031003,5,5,820,0,1,0,1
610.6402783582549,12,4,1015,3,1,1,0
893.000524039034,1,4,1805,2,0,0,1
183.44728114475527,14,0,802,2,1,1,0
5527.902601784148,14,2,895,1,0,1,0
1613.9860375263631,12,5,873,0,1,1,0
729.1962438952044,13,6,1987,3,0,0,0
1011.6148622131982,21,1,388,4,0,1,1
1185.5272044852604,6,6,1836,0,1,1,0
1835.5553404415841,13,3,894,0,0,0,0
1450.0165040908792,23,2,767,0,0,1,0
5036.314093035293,9,6,1423,1,0,1,0
1374.185025841579,16,1,1032,1,1,0,1
9696.52653072047,13,4,1650,1,0,0,1
3813.3302266565606,7,2,1541,1,0,0,0
467.67736767886373,3,5,450,0,1,0,1
5335.598921177709,15,1,1500,1,1,1,0
247.4255590198859,23,1,342,2,0,1,0
3401.4591480214517,12,3,1097,3,1,0,0
958.0832373341943,21,1,860,0,1,1,0
4207.047536486472,19,4,121,1,1,1,0
4050.7658383112534,17,3,302,0,0,0,0
3279.025316714895,13,2,961,0,1,1,0
3121.585387128522,17,2,884,1,1,1,0
726.7637391835735,4,5,881,2,1,0,0
168.76265840149892,8,3,234,2,0,1,0
1031.6099294845992,2,4,66,0,1,0,0
381.17004673331513,7,2,230,0,0,1,0
2374.566301954948,19,6,922,1,1,1,0
849.6008524262128,21,2,1567,2,0,0,0
7427.180604254166,9,2,1843,1,1,1,0
2048.7102290722487,21,2,1833,0,1,0,0
3457.350350819875,18,4,51,0,0,0,1
284.3364175331189,20,2,659,3,0,0,0
3961.213086672902,2,2,1631,0,1,1,0
5121.602897232266,10,2,1353,2,1,1,0
1335.2002810964987,10,5,387,1,1,0,0
1864.0930996499812,16,6,1062,0,0,0,0
2894.7214686636753,15,3,1734,2,1,0,1
384.35261690915854,6,3,753,2,1,1,0
1396.585096432789,3,0,1197,1,1,0,1
1017.1996313391356,22,1,493,0,0,1,0
316.5242220905221,18,1,1792,1,1,0,0
916.258964913463,11,4,1479,0,0,1,0
141.2147254082204,14,4,41,2,0,1,0
52.30175993762529,10,2,1945,2,1,1,0
290.4360646571272,4,4,946,1,0,1,0
6599.906679954215,4,6,1153,1,0,1,0
1594.9255331162458,14,4,1078,0,1,1,0
6752.355663768212,17,2,86,0,1,0,1
1133.0215820164997,10,1,1748,0,1,0,0
747.3984566614081,11,3,1293,1,0,0,1
1411.0139495545995,1,2,296,0,0,1,0
1157.8937812530967,19,6,1045,1,0,1,0
223.34900119678386,14,0,1239,2,1,1,0
2047.8984087949855,19,0,425,0,0,0,1
486.78992399666134,3,2,189,2,1,1,1
1933.0005690115274,21,4,161,1,1,0,0
2100.793678649239,17,5,713,1,0,0,0
329.80790310889284,5,2,1565,1,0,0,0
126.62441790106277,22,6,381,2,0,1,0
3035.1909864478603,18,1,244,0,1,0,1
1231.6332441827726,10,4,183,0,0,0,1
119.8478002076317,23,12,544,0,1,1,0
10543.86395347333,1,3,779,1,0,0,0
119.03416284884737,7,3,948,2,1,0,0
2375.1180270003024,10,5,1572,2,0,0,0
8230.596155313906,4,5,93,0,0,1,0
546.7172339142941,17,2,368,0,1,1,0
306.8837224671699,22,4,159,0,0,1,0
258.81681204801873,17,3,398,1,0,1,0
722.7294118822197,13,2,1983,2,1,0,1
213.046407103123,21,3,1204,0,0,1,0
2356.3589398563668,9,4,438,2,0,1,0
128.63292759905417,2,4,373,2,1,0,0
1424.3425048692736,8,1,306,1,0,0,1
11425.75977359987,2,6,985,1,0,1,1
3363.697553353431,10,2,1403,0,1,0,1
1910.1641532397473,11,2,1974,0,0,0,0
731.2976661739705,11,3,1242,0,0,1,0
1955.7782856380472,2,2,982,1,1,1,0
1497.4951117590685,20,4,329,1,0,0,0
1110.5423226333914,6,3,1889,0,0,0,1
280.15785172069025,13,3,343,0,0,1,0
4353.742119624095,23,4,1763,0,1,1,0
1194.8910595855643,10,1,724,0,0,1,0
432.88836412282717,6,3,1889,3,0,0,0
916.9703667658705,20,0,1187,3,1,0,1
1069.3138692402679,9,1,1902,1,1,0,1
3515.1555021810664,10,1,158,2,0,1,0
2645.6206457185563,14,3,1134,0,0,1,0
2933.3166523403834,18,2,1591,2,1,1,0
22.185120043067727,15,4,350,1,1,1,0
1076.2360528819509,21,5,726,0,1,1,0
1313.0294420763214,20,3,365,0,0,0,0
38.7576789328926,19,3,1921,1,1,0,1
601.7054080436526,11,4,15,0,0,0,1
2856.649363428756,17,6,153,1,0,0,0
294.93543466777857,22,3,532,1,0,0,0
1532.7700905297163,12,3,967,0,1,0,0
484.65751215378754,4,2,1424,3,1,1,0
24.38966049755524,3,3,1076,4,1,1,0
552.0379237005986,13,1,855,1,1,1,1
7448.910046285756,7,4,469,2,0,1,0
3234.3063159230946,8,3,1345,0,0,0,0
6416.695100382467,18,1,879,2,1,0,1
1338.291248222336,2,1,596,2,0,0,0
232.474908390385,4,1,367,0,1,1,0
1587.966954003389,20,0,1862,0,0,1,0
1211.655262173857,17,2,1510,0,0,1,0
3720.3817747996186,0,3,1760,0,1,0,0
206.46463217324765,7,2,641,1,0,0,0
1339.8034712596925,18,3,862,1,0,1,0
325.15236743584893,16,3,894,1,0,1,0
785.1251900274088,16,6,1040,1,1,1,0
2673.919756049582,10,2,1435,1,0,1,0
1292.5963865832355,1,3,1298,1,0,1,0
942.8517928431852,5,4,589,1,0,1,0
1003.3230803171565,21,2,1836,0,1,0,0
1230.3243218338464,13,4,1330,0,0,1,0
3074.388403788928,2,8,92,1,1,0,0
4452.817032647493,11,1,458,0,1,0,1
6217.1161260446,3,3,1294,1,0,1,0
3092.019260911395,11,3,1076,1,0,0,0
757.8612512081025,12,1,1885,2,0,1,0
2330.367869362041,1,1,1145,0,0,1,0
1151.0949867297877,1,2,1995,2,0,1,0
587.8580804979554,14,6,1074,1,0,1,1
3676.0874523811567,22,2,1915,4,1,0,1
78.36823348751211,16,3,1499,2,0,0,0
4640.724186080744,6,4,1516,0,0,1,0
1237.8518696785593,13,3,1809,0,1,0,1
2027.8152626691149,11,2,1404,2,0,1,0
2153.8224714325243,16,4,1656,0,0,1,0
4509.833796118041,13,3,387,0,1,1,0
2024.8857840085423,5,4,1982,0,1,1,0
1903.491728221744,18,6,1631,3,0,1,0
137.95440156381082,23,4,1685,1,1,0,0
1461.3160839784362,5,5,1313,4,1,0,1
325.435547513243,17,3,1793,1,1,0,1
2674.50383828549,23,5,1478,0,1,1,0
1435.7894646508566,4,3,371,0,0,1,0
2280.2926933430167,23,2,184,0,1,0,0
85.13223883270871,23,3,772,1,0,0,1
177.20786933695706,5,3,1686,1,0,1,0
2519.840759965853,1,4,205,2,1,1,0
149.62885926925267,7,1,954,2,0,1,0
147.84585373802418,14,3,172,1,1,1,0
24.36476001959194,14,5,825,0,1,0,1
6270.052972439578,10,0,222,2,1,0,1
2675.0720860313218,21,1,1192,2,1,1,0
871.5952714673983,21,1,1268,1,0,0,0
703.4759624601976,23,2,1242,0,0,0,1
860.6529013337602,0,4,1080,2,1,1,1
2980.2323994633007,17,1,1599,3,1,0,0
2165.6980352570067,11,0,615,4,0,1,0
409.61431021999925,11,2,1909,0,0,0,0
382.5857629100438,10,8,167,0,1,1,1
207.15898238867896,7,3,1543,2,1,1,0
2159.4008200670255,6,4,142,1,1,0,1
2891.0075984474315,22,4,125,0,0,1,0
615.8958991071805,20,2,90,0,1,1,0
42.334836903230254,1,2,1938,3,1,1,1
171.48981491387218,10,2,311,1,0,1,0
6875.310005674686,21,3,1395,1,1,0,1
700.3771306072507,9,5,952,0,1,1,0
2932.6080866080406,2,1,216,2,0,0,0
1959.865010976076,19,3,1465,0,0,0,0
962.3383116586516,9,0,1659,0,0,0,0
460.55603791180704,17,4,1908,0,0,1,0
258.82017811420235,13,5,1210,2,1,0,0
1909.0912569589611,17,4,883,0,0,1,0
2980.0571166818354,23,4,1177,0,0,1,0
2065.1112671274177,7,2,761,0,1,1,1
1511.3312553729447,9,2,1650,2,0,0,0
85.71317461821808,21,3,96,0,0,1,0
6914.823059507108,12,4,710,0,0,0,0
3206.0588976887198,20,4,1360,0,1,1,0
692.9458572752944,7,1,1539,0,0,1,0
7821.081145434437,3,2,149,2,1,0,1
1842.01160893896,3,3,928,0,0,1,0
1746.5710040897006,4,2,1922,0,1,1,0
2757.233256410029,0,2,1647,0,1,0,1
3340.1790676877536,16,3,1556,1,0,0,0
2137.011781496099,1,5,715,1,1,0,1
274.1513239607699,7,5,883,1,0,0,1
825.7877846310165,6,0,1426,1,0,0,0
5264.503012848412,14,2,1718,1,1,1,0
508.79277574188785,4,4,1355,3,1,1,0
930.9622188253594,1,3,1251,2,1,0,0
1131.538453437462,6,4,1828,0,1,0,0
1157.513081846666,7,3,358,0,1,1,1
1898.3489611044638,6,4,588,2,1,0,0
5732.070767560392,6,7,1853,1,1,1,0
550.6974485483729,13,6,316,3,1,0,0
259.0818760099047,20,1,1759,1,0,1,0
439.97330378772955,17,3,885,1,0,1,0
4359.406162201104,5,4,1060,3,1,0,1
2075.8481621524556,3,4,1533,1,1,0,1
673.4835557580368,9,4,1502,1,0,1,0
3385.0623755494407,17,3,1452,3,1,1,1
3951.893478399391,11,5,1860,1,1,0,0
3748.296255962151,15,3,450,1,1,0,0
5024.799086548464,6,3,1836,1,0,1,0
581.3491448292308,5,6,845,3,0,1,0
2813.336441646111,4,3,90,0,0,1,0
1234.3714157042284,2,3,541,1,0,0,0
3690.3021741469033,11,5,176,1,1,0,0
2607.5176038695136,14,5,1444,3,1,0,1
2996.217507731186,9,3,1756,0,0,0,0
2135.1683813684185,19,3,648,3,0,0,0
390.6403952478917,18,1,901,2,0,1,0
1575.0340483844093,15,0,1888,1,1,1,0
8355.853190033891,10,3,1998,0,0,0,1
5541.5987760148655,7,2,687,0,0,1,0
88.26689223517215,2,1,1662,1,1,1,0
360.2036023015098,22,4,1195,0,1,1,0
282.5022803053705,6,2,394,0,0,1,0
2589.1077081207736,22,3,1290,3,0,1,0
3405.1395613916925,6,0,504,0,1,0,1
480.3540167001058,13,4,1158,1,1,1,1
1409.843227679058,1,3,1808,1,0,0,1
3673.9701409556073,9,4,956,1,1,0,1
2639.5272372943527,18,2,1050,4,0,1,0
1562.8082899075898,8,2,1301,0,0,1,0
1784.8930091400646,15,4,100,1,1,1,0
1420.019300136812,18,2,1466,2,0,1,0
706.357700003241,17,2,425,1,1,0,0
1664.919614936311,8,4,1898,4,1,1,1
2335.187262193625,15,1,1054,2,0,0,1
4132.228150214905,12,3,1669,1,1,0,1
2022.8043097497089,9,0,906,5,1,1,1
2863.600759171052,19,3,496,3,0,0,0
348.87734097824756,13,1,1887,2,0,0,0
1238.149037332752,11,2,651,1,1,0,0
18.750864328912314,18,3,998,1,0,1,0
566.5273347157338,6,2,1215,0,0,0,0
2592.6273712225716,22,1,1927,1,1,1,0
9609.670881772277,14,2,1211,1,1,0,1
208.89541942218554,15,1,140,1,0,0,0
1026.6385134428385,7,6,320,0,1,1,0
3219.5856378034964,9,1,1915,2,0,0,0
456.4017225231275,3,1,1773,0,0,1,0
1619.7438246952313,18,0,369,1,0,0,1
2641.5473651362713,18,2,297,1,0,0,0
1914.1496743295315,20,1,1980,0,1,1,0
416.5708012669001,14,3,1224,2,1,0,1
878.2027410459814,13,1,796,1,1,1,0
3063.026749787975,0,5,1403,1,1,0,0
1615.8886703923529,15,3,1104,0,1,1,0
10.486671668489953,9,3,1471,1,0,0,1
2862.5061336552476,18,0,501,0,0,1,0
71.89975462310841,21,3,259,1,0,1,0
2738.746922706088,2,1,1637,1,1,1,1
452.49813730374433,4,5,1568,2,0,0,1
6343.673439119571,8,2,1813,2,1,1,0
917.5442825792068,17,2,1145,2,1,0,1
791.8166886067128,10,3,1079,1,0,1,0
322.4232166702378,15,7,1517,1,0,1,0
729.4263726977144,1,2,18,1,1,1,1
4185.471224353278,11,2,1333,0,1,0,0
11217.492461418113,21,4,1904,1,0,1,0
918.7115365375602,5,4,1657,1,1,0,1
1190.628121020739,10,2,110,0,0,1,0
2560.7787424898193,7,1,331,1,0,1,0
4346.551358926028,11,3,1597,2,1,1,1
1798.1020573572334,1,3,946,0,0,0,0
993.601198911863,8,6,1288,1,1,1,0
1064.1728863006745,14,0,268,0,1,0,1
2378.944537511689,1,2,435,2,0,1,0
6.44690670446925,0,1,450,2,0,0,1
1933.0078377851705,9,2,297,0,1,0,0
878.5392234594991,1,5,1942,1,0,1,1
3161.674976221592,11,1,1663,0,1,1,0
195.20501797971207,22,4,1161,1,1,0,0
1774.4459787556734,7,6,1614,1,0,0,1
1311.5983237872229,4,2,719,0,0,0,0
2056.2639929492893,21,2,1931,0,0,1,0
134.1043570213637,0,4,1021,1,0,0,0
1734.9239341762886,14,1,1421,2,0,1,0
1648.720641205761,5,3,184,0,0,1,0
1644.963786201368,11,2,412,1,1,0,1
1850.0962654148234,7,7,1625,0,1,0,0
2256.914115647508,12,1,320,0,1,0,1
3269.3986202319857,18,3,741,1,0,0,0
628.9303722524986,0,3,1600,2,0,0,0
3486.5033776224623,10,5,1350,1,0,0,0
1379.329232519219,19,5,1591,0,1,0,0
160.37837492673825,0,3,805,1,0,1,0
120.67005215011521,7,4,417,0,0,0,0
813.6470167205098,4,2,1817,0,0,0,1
3073.2763787940166,16,4,882,0,1,0,1
2459.8187680415685,7,2,791,0,1,1,0
3108.1479929471952,9,4,1724,1,1,1,0
1456.591666430376,1,0,1976,0,0,0,0
1160.3478237958066,8,3,1727,2,0,1,0
319.0527684537657,23,3,1928,1,1,0,0
795.5676306647306,22,3,1809,2,1,0,0
1138.3908344384663,2,1,1631,1,1,0,0
185.54774320512345,17,4,90,1,0,1,0
498.492443961226,6,0,759,2,0,1,0
1823.727560917522,14,4,1465,0,1,1,1
2661.061813819402,20,2,1099,2,1,1,1
12810.945761268285,21,6,574,2,0,1,1
5409.511208808631,19,2,1758,3,1,1,0
2057.604619605745,17,4,1291,0,1,0,0
1093.7626198971955,2,3,963,1,1,1,0
2022.1775915597088,22,6,936,1,1,0,1
3080.3052694861854,13,3,1960,0,0,1,0
251.88892897206804,23,2,1657,2,0,0,0
1054.9431023394577,1,2,1336,1,0,0,0
3662.693023676061,13,3,1845,0,1,1,0
968.4743405698264,21,2,1877,1,1,0,1
1696.6673924200902,10,2,1507,0,0,1,0
1772.3445650634778,15,4,1052,0,1,0,1
407.84947590070186,7,3,1366,0,0,0,0
899.5721890978608,6,7,426,0,1,1,0
814.4672081772699,10,6,883,2,1,0,0
53.09191042933922,2,4,1838,1,1,0,1
48.97838254106063,16,4,786,0,0,0,0
3563.9792242782787,13,3,535,3,0,1,0
637.8524128600701,5,3,1434,0,1,0,1
1459.9491874370412,7,5,1635,1,1,0,1
709.7119801597861,21,1,285,1,0,1,0
5649.592072317046,4,5,1844,1,0,0,1
600.3104364011887,7,2,622,2,0,0,0
1123.0340328371808,1,8,1739,1,1,1,0
4122.8928662311855,14,5,1130,0,0,0,0
3689.479741964257,11,3,504,0,1,0,1
411.8390253811239,16,3,46,0,0,1,0
3245.4851544975877,0,2,1793,0,1,1,1
1225.6682929649098,14,2,1471,2,0,1,0
1319.3043951075852,13,2,1168,2,0,0,0
286.54011379580527,19,6,537,0,0,0,0
168.07128414664675,21,0,62,0,0,0,0
2603.4602029028783,15,1,1766,0,0,0,0
1372.1888291937,8,3,1106,3,0,0,0
1148.4210082822626,0,6,336,1,0,0,0
2615.027202630076,16,3,211,0,1,0,1
2900.7093979347705,12,4,400,0,1,0,0
346.10886152079894,20,1,709,2,1,0,0
1884.372025833694,20,4,347,0,0,0,1
290.8703990557495,4,2,1222,0,1,1,0
2783.619775654699,9,5,377,2,1,0,0
2139.788201231888,5,3,1186,3,1,1,0
6275.265571920649,23,2,1232,1,0,0,0
142.90181501706456,18,5,821,2,0,1,0
117.49405364967492,12,1,919,2,0,1,0
663.0925871897281,0,3,1451,1,0,1,0
606.8254627127664,19,1,44,0,0,0,0
567.3237925914544,14,4,800,2,1,0,0
4734.344948432618,13,2,1515,1,1,1,0
574.1543771272133,7,3,1303,0,0,0,0
634.7703513083895,9,3,1940,0,1,1,0
2849.224507194322,8,2,787,0,1,0,1
1194.728197730114,16,4,733,0,1,1,0
2998.5727965169194,8,1,968,4,1,1,0
135.20087752385032,2,3,1821,1,0,1,0
1337.1869842074734,10,3,1170,2,0,1,0
68.38304987589966,11,2,1093,0,1,1,0
129.40390302126383,9,5,652,0,0,0,0
4738.250236290968,16,4,522,1,1,0,0
299.8915980928901,16,2,111,1,0,1,1
1520.3725621244198,10,6,1573,1,1,0,1
1058.9828438371228,21,5,1617,2,0,0,0
853.4081111890731,3,1,608,0,1,1,0
4601.8398740176535,6,2,1079,0,0,0,1
44.13009871000306,20,1,1668,0,1,0,0
2180.036761665379,13,2,1247,0,1,1,0
6615.109958936734,6,4,896,0,1,0,0
1642.725720561704,23,3,1599,1,1,1,0
5523.6129058382385,7,3,524,1,1,1,1
107.3456765916481,0,6,146,0,0,0,0
1085.2977045945922,23,1,264,0,0,1,0
602.6366931013774,21,2,1568,2,1,0,1
2624.757126146281,3,7,468,0,1,1,0
7958.152357683365,11,0,1585,2,0,1,0
592.8538951673028,23,2,872,1,1,1,0
2123.642519660063,2,2,959,0,0,1,0
441.5368302685593,12,6,1997,3,1,0,0
1666.3374842959167,19,2,1211,0,0,0,0
1246.9903363446438,5,3,1367,1,1,0,1
7151.482261816231,10,4,1987,2,1,0,0
1875.6788560754667,22,3,1123,0,1,0,1
860.0475535058212,3,3,679,0,1,0,1
242.29288715124034,19,2,1330,2,1,1,0
327.9737274428726,15,0,1749,1,1,0,1
510.6025502817646,6,2,1223,1,0,0,0
577.9435711227396,21,6,758,2,1,0,0
3802.470988526221,10,4,1178,2,0,0,0
1647.526970233589,23,4,919,0,1,0,1
1482.117289570887,0,3,1120,1,0,0,0
243.8130126825958,6,4,575,1,1,0,1
3934.222328310175,11,1,706,3,0,0,0
2566.1352237477213,6,3,1959,2,0,1,0
140.13338543903262,22,1,834,1,1,0,0
2460.8738012049084,6,3,1383,0,1,1,0
1568.5006012347678,9,0,814,1,1,0,1
170.51749093933654,15,3,399,1,1,0,0
1226.088241213405,7,0,1808,0,0,0,0
1325.99763682987,8,4,1400,0,1,0,1
362.50315524363293,8,1,602,0,1,0,1
5826.393854798992,1,2,328,1,0,0,0
3793.9116164693696,12,3,1296,1,1,0,0
2211.408780520436,12,2,1621,1,1,0,0
1240.8924793377714,22,7,1319,0,0,1,0
1061.259343513688,22,5,395,1,1,1,0
2105.214668628117,3,1,1496,1,1,1,0
1576.814948607585,23,1,548,2,0,0,0
128.5930600542531,11,3,1042,2,1,0,0
1436.940843868071,16,3,919,0,1,0,0
3283.959576736265,1,3,77,0,1,1,0
1229.5589902644601,12,4,1073,0,0,1,0
106.70994701689867,17,2,1522,2,1,0,1
3086.1602136224737,14,2,1450,3,0,1,0
449.699467371748,7,4,1895,0,0,1,0
598.4861814967405,14,1,1772,1,1,0,1
359.94388683480327,0,3,1580,0,0,1,0
801.5972209434284,19,5,1018,0,1,1,0
2827.3434956330325,9,4,1645,5,1,0,0
1465.3810670480857,11,5,129,1,1,1,0
458.52766957417685,4,3,519,0,0,0,1
4204.6848025309755,8,1,304,0,1,0,1
4233.570102159669,22,6,1136,0,0,1,0
4089.3603602048734,7,6,725,2,0,0,1
545.7083328138416,15,5,912,0,0,1,0
1200.1857928645861,13,3,816,0,1,1,1
8398.031449859902,12,4,974,1,0,0,0
2956.928744365557,22,2,1963,1,0,1,0
55.08655727376305,20,2,819,1,0,0,0
134.85517563822103,12,1,363,1,0,1,0
1246.9861955421256,4,3,1090,1,0,0,1
4798.6370993073615,15,3,1055,1,0,0,0
1547.421172007841,10,4,1319,1,1,0,0
1377.5634780977841,21,6,1801,0,0,0,0
222.92194903320882,4,4,809,0,1,0,1
2138.767886261925,12,4,1343,1,1,0,1
3453.102901260399,10,5,1038,0,1,0,0
957.4269239343685,18,2,570,0,0,0,0
2988.7558366767435,2,5,970,1,1,1,1
6675.130324104196,14,1,1880,2,1,1,0
455.7254862268262,6,2,1266,0,0,1,0
1481.8601554042714,6,5,353,1,0,1,0
676.9347337781078,5,2,1272,0,1,1,0
3148.666886434948,2,4,610,0,1,1,0
1723.5736818792898,12,4,468,1,1,1,1
2013.429035666552,6,4,1984,0,0,1,0
3198.1254389021324,4,4,924,1,0,0,0
1008.2643918435608,22,1,388,1,0,1,0
4932.328425225931,17,4,1698,0,1,1,0
1522.9756749107623,21,3,1924,0,0,1,0
343.8432231786367,7,4,759,0,0,1,0
2380.791568992776,16,1,1862,2,0,0,0
3152.5996918479095,19,2,442,2,1,0,1
761.8230895914206,0,1,1366,1,0,1,0
3892.3299610267245,13,2,516,0,1,1,0
4731.971292062333,16,4,1842,2,1,0,1
648.4279191409288,9,3,1797,0,0,0,0
8211.394244563477,11,5,843,0,0,0,1
303.30118076101104,15,3,45,2,0,1,0
451.33263262935156,13,4,1443,0,1,0,0
407.23300053514345,15,2,723,0,1,0,0
4488.438228368265,7,5,756,0,1,0,0
2124.3247770694065,22,2,203,1,1,0,1
329.9952525006076,9,2,1739,0,0,0,1
1160.7923897797439,16,2,1909,0,0,0,0
1910.5726710959236,17,2,539,1,1,1,1
174.3080506673147,19,5,386,2,1,1,0
4281.210880684546,15,3,1974,0,1,0,0
3255.2397689072163,16,2,630,3,1,0,0
1407.2306561636722,15,6,968,1,0,0,0
6830.183846100175,18,0,738,3,0,1,0
1081.7484540587895,23,1,360,1,0,1,0
8284.170752902348,23,6,1492,2,0,1,0
2204.758743269378,7,7,983,3,1,1,1
2013.915418987042,5,5,1999,0,1,0,0
362.93559141326955,5,5,1968,1,0,1,0
4272.917248176112,20,3,205,2,0,0,1
1115.4490627004504,8,3,1271,1,0,0,0
354.0314889653688,3,2,991,1,0,0,0
25.375338245871248,11,2,1073,2,0,0,0
1640.8508834277513,11,1,366,1,0,0,1
1499.0102293170062,22,1,253,0,1,0,0
2541.319689494188,16,2,78,3,1,0,0
4419.247211470856,14,4,769,3,0,0,0
165.473600361099,8,5,632,4,0,1,0
2629.782587521185,6,2,987,1,1,0,0
415.0619883105383,9,3,417,1,1,1,0
3906.351705137117,15,3,1059,0,0,0,0
3419.218429222009,11,4,1462,0,1,0,0
1556.511668598201,6,8,312,0,1,0,1
2477.4238866241253,17,4,1167,0,1,0,1
754.7763012227929,14,4,197,1,1,0,0
1274.1685735789233,5,2,997,2,1,1,0
3447.8678119179253,11,3,260,0,1,0,0
1229.652636848165,10,2,1390,2,1,1,0
885.7055923731125,19,0,596,0,1,0,1
1363.2771081697285,2,3,1216,2,1,1,0
3523.4219905348477,1,2,1511,2,1,1,0
816.5622809286673,5,3,534,0,0,1,0
381.7438378825912,23,1,24,0,0,0,0
2489.686963470567,21,3,943,0,1,1,0
3497.149546569796,4,0,1099,0,0,1,0
212.13815219617683,17,2,1902,4,0,0,0
548.5424366162706,15,3,1670,0,1,0,1
306.2370681216703,7,3,923,2,0,0,1
855.2417231121124,19,0,1418,1,1,1,0
1196.9506958404243,21,5,679,3,0,0,1
2763.2213889676455,10,2,1482,1,0,0,1
2106.212651071003,9,5,110,0,0,1,0
1940.061230697862,23,3,90,1,1,0,1
868.886742813942,11,3,37,3,0,0,0
3683.3396900686166,20,3,822,3,1,0,0
1274.6196880878522,5,2,993,1,0,0,1
7736.484833189782,19,5,1587,1,0,1,0
2011.0207540195452,4,2,572,1,1,0,1
269.9557143620505,22,2,584,0,0,1,0
2255.1198890215105,8,2,1664,0,1,0,1
786.3933938392205,15,3,307,2,1,1,0
2318.8097280497727,21,2,62,1,1,1,0
144.36981013908866,13,2,305,0,1,0,0
384.45638091824304,21,2,179,0,0,0,0
3872.2381020362604,7,1,540,0,1,0,0
515.4170866135697,19,3,1776,1,1,1,1
3628.5148242256637,18,0,932,2,1,1,0
654.9982787574946,13,1,1768,0,0,0,0
2059.3775355004695,6,6,1689,0,0,1,0
2369.3247368592774,4,1,932,0,1,0,1
1437.5649625770989,17,5,845,0,0,0,0
728.5811003779642,1,2,1468,1,0,0,0
478.1505203293716,10,5,1543,2,1,0,0
67.50523842112143,21,3,1601,1,1,1,0
724.6572238024186,7,0,1993,2,0,0,0
2117.79949218444,0,1,1659,1,0,1,0
5571.098891818748,21,3,1060,2,0,0,0
4099.058532192798,11,0,750,0,0,0,0
2905.422049494756,1,1,1502,2,1,1,0
3106.5626868274026,17,0,1097,1,0,1,0
2187.1593678433464,6,4,1054,0,0,0,0
602.9856265945403,16,1,739,1,0,0,0
4754.510184390181,21,0,1327,0,1,1,1
2221.7684348401376,22,2,1371,1,0,1,0
1643.9649757727607,13,4,797,0,1,1,0
235.2923957685293,23,4,1535,1,1,0,0
1184.9954467678742,6,4,1541,1,1,0,0
1233.699649605991,21,1,1089,1,0,0,1
3998.5063837139287,2,3,747,3,0,0,1
1582.1737979715288,5,2,627,0,1,1,0
957.364112895157,19,1,453,1,0,1,0
7527.234320704678,1,0,831,0,1,1,0
234.68759925351702,16,4,758,0,1,1,0
1098.26139730267,11,2,861,0,0,1,0
85.86651661376283,11,2,1976,0,1,1,0
2693.4098993262915,16,1,1553,1,1,0,0
5003.940062327755,9,3,1919,2,0,0,0
657.1118298280387,2,4,819,0,1,1,0
3908.674591025659,19,6,1393,2,0,1,0
691.2389358365987,17,2,1061,2,0,0,0
4833.079569227942,12,2,1880,2,1,1,0
2804.537783224339,11,3,1908,1,1,0,1
3268.555534352877,16,2,381,1,0,0,0
36.341292828328925,3,1,1243,2,1,1,0
6583.449944872794,22,1,649,1,0,1,0
2594.1581043293663,9,2,246,0,1,0,0
726.9707227954459,10,3,1574,1,0,0,0
3536.8047432098156,5,6,251,1,1,1,0
661.2381552146383,5,1,565,3,0,0,0
4123.2635948288325,8,1,909,0,1,1,0
238.87468496218844,14,2,1370,2,1,0,0
2432.671000088373,1,3,821,1,0,1,0
1556.0967419345106,3,1,715,1,0,0,0
203.03464305301904,4,3,1911,0,1,1,0
553.8636697766027,16,7,472,0,1,1,0
24.96321695005604,7,0,1911,0,1,1,0
1265.112753320564,7,1,1585,0,1,1,0
716.9681896743889,21,4,122,1,0,1,1
1824.3857008311438,11,3,1350,2,1,0,1
705.4734398904734,20,4,1955,0,1,0,1
713.1187912493482,7,1,1552,3,0,1,0
2718.8624456540524,18,3,781,0,1,0,0
98.68058647991073,2,4,748,1,0,0,0
4663.924724382357,17,4,121,0,1,1,0
3824.6550632281524,20,3,139,1,0,0,0
2204.064359026824,18,3,87,1,0,0,0
1798.9732801526802,18,3,130,1,1,0,1
4456.857780886112,14,2,252,2,0,1,0
409.9447521679775,5,2,1886,1,1,0,1
164.52352064820482,15,4,787,1,0,0,0
547.5850800686378,7,3,1384,0,0,1,0
3165.380471725468,15,2,1837,0,0,0,1
70.57108699065301,17,2,1454,1,1,1,0
1748.4118784391342,19,4,47,2,1,0,0
10779.776217720168,15,1,1969,2,0,1,1
3871.667487671538,10,6,1615,1,1,1,0
1473.9711440176354,6,3,501,1,0,1,0
131.51246430506302,16,2,1834,1,0,0,0
3560.1383086534784,16,3,1953,1,1,1,0
1827.480515087411,11,5,1900,1,0,0,1
244.18385460563456,12,3,425,2,1,0,0
197.116926148923,9,2,1399,0,0,0,0
4807.615461568677,6,0,965,0,1,0,1
2212.484221376102,13,4,1878,0,0,1,0
3535.5406390448097,22,4,731,1,0,1,0
4223.5807415098825,0,3,111,2,0,1,0
1696.2006741298403,16,6,1251,1,0,0,0
1457.3263526231574,3,3,1811,1,0,1,0
1125.7380841891486,20,1,1792,3,1,0,1
762.3644402267663,4,1,1063,1,1,0,1
1140.4293797662676,19,4,135,0,0,1,0
2973.3758493334517,23,3,1319,2,0,1,0
1842.2218156342205,22,1,610,2,1,0,1
4460.962211258672,6,1,1058,2,1,0,1
1171.745047843888,9,1,987,1,0,1,0
1868.3472575305777,16,2,428,1,0,1,0
1995.5849193818528,6,3,1989,0,0,1,0
1791.4922613190258,0,1,1092,1,0,0,0
2425.5816251059555,6,2,1727,1,0,0,0
542.1310394332255,23,2,199,1,0,1,1
1436.3711938048277,10,4,560,2,1,0,1
220.13158695666166,8,2,259,3,0,0,0
970.6774749981194,11,3,725,1,0,1,0
1337.5612173375064,2,3,674,1,1,1,0
2112.3948618385766,3,2,1649,2,1,0,0
6012.820262463886,3,3,137,3,1,0,0
1835.8394486662005,12,2,1853,2,0,1,0
2721.985652713184,22,2,916,3,1,1,1
1411.5169777113545,18,1,936,2,0,1,0
2010.8124494348033,9,5,381,4,1,1,0
147.14715699226008,4,8,1548,0,1,1,1
587.1094477702782,6,4,1895,0,1,0,1
898.373521418981,23,1,238,1,0,1,0
1279.1876331344174,15,5,1308,1,1,1,0
93.44696800468242,0,4,688,1,1,0,0
301.7018210759944,11,1,1761,2,1,1,1
648.1785082066823,1,5,458,2,0,0,0
7117.997798463181,6,1,1611,0,0,1,0
804.980097288224,10,3,1159,2,0,0,0
1315.718605257502,12,3,82,1,0,0,1
436.555100891286,1,5,595,0,0,1,0
1887.221450279832,6,2,654,0,1,1,1
658.9068558228241,14,1,1233,2,1,0,1
463.84539709850037,10,1,1751,0,0,0,1
1453.708378648841,1,0,403,0,1,1,0
11.042023874619545,6,5,822,1,1,0,1
15.387104540800603,3,5,1791,1,0,0,1
494.5364737348612,10,2,188,1,0,0,1
74.82513167639165,1,3,493,0,0,1,0
228.63603832553244,15,3,1783,2,1,0,0
827.5812868100617,6,1,255,0,0,1,0
3244.901218851292,12,2,1347,1,0,0,1
1697.4914851826254,4,3,1698,1,0,0,0
1437.6182019761252,16,7,1881,0,1,1,0
694.8325140732949,20,4,425,0,1,1,0
5369.264687172432,11,2,1439,1,1,1,0
1011.7260531493366,18,2,1191,1,0,0,1
182.24202023315118,6,1,1614,0,1,0,1
1919.787952419908,5,2,485,0,0,1,0
241.71188974132582,7,4,436,0,0,0,1
846.9215548465312,12,1,1711,0,1,1,1
1416.1640594394921,4,7,1556,0,0,0,0
4146.482004597833,1,1,1632,0,1,1,0
1360.645849311906,8,4,1505,2,0,1,0
2423.0610241850204,10,2,180,2,0,0,0
9872.03148395622,23,1,1631,0,1,1,0
281.9503318319631,5,7,1095,3,0,1,0
642.4267660938033,6,5,1726,1,1,1,0
1003.6527296729498,6,4,901,1,1,1,0
1095.768371042928,18,4,1465,3,0,1,0
1058.7297548125655,5,3,644,1,0,0,1
4763.4947654238285,10,5,139,2,0,1,0
2503.755232338851,10,2,787,2,0,0,0
1872.5033352635053,6,3,102,0,0,1,0
740.3099796587977,1,5,468,2,0,0,0
3472.1619877554226,18,5,283,1,0,1,0
6204.876787596312,3,3,1053,0,0,0,0
3442.9556217301324,5,2,18,0,0,1,0
3.1326624960834963,16,0,1957,0,0,1,0
2023.4093701342424,4,3,1981,2,0,0,0
104.97829499008913,6,2,756,2,1,0,0
595.7536464449513,8,0,687,0,0,0,0
122.73978716393262,0,1,1532,0,0,1,0
1851.649336257584,0,1,601,1,0,0,0
2320.4855308895208,18,2,1044,1,1,1,1
243.177722913626,5,3,1350,0,0,0,0
968.4935922987208,17,1,1380,0,1,1,0
1218.4817715415786,9,2,433,3,1,1,0
921.0668962374788,10,5,1423,1,0,0,0
257.9976473282346,0,6,1042,2,0,1,0
1085.8293283677615,0,5,1574,1,0,1,0
2782.035379456148,12,6,376,1,1,0,0
147.30958101447223,4,1,1625,1,1,0,0
167.1545911295196,19,1,1364,2,1,0,1
876.3008774728606,0,7,1174,0,0,0,0
5685.188611055682,19,2,1011,1,0,0,0
2208.6932776818353,2,2,716,1,1,1,0
2270.573023399366,17,3,1257,0,1,1,0
898.5831945796112,8,4,1128,1,1,1,0
1801.1339571468923,13,4,1024,0,1,1,1
20.36570750508617,16,2,1980,1,0,0,0
2021.730619852085,22,1,1647,1,0,0,1
4890.301719079625,13,3,737,0,1,1,0
1896.4580877856865,3,2,221,0,0,1,0
4138.168226475087,4,4,1986,0,1,1,0
2574.5135858143217,20,5,1050,0,1,1,0
256.9362740519941,16,1,1088,1,0,1,0
4654.848231963549,21,7,254,0,0,0,0
137.5083235802742,1,3,1273,0,0,1,1
1526.9996917856938,22,1,736,2,1,1,0
306.6220204150312,21,8,826,2,1,1,0
23.55134522896405,4,2,1155,0,0,1,0
1096.4813712874752,3,3,30,1,0,0,0
699.2304383807552,3,3,787,3,0,0,0
1331.0659484463183,5,6,10,1,1,1,1
1721.7115141848146,19,2,1113,1,1,1,0
89.44893251182512,20,4,430,1,0,0,0
262.50408776936297,12,1,1171,0,0,0,1
1635.7996794564933,21,4,1151,0,1,0,0
840.6520323821159,4,2,698,0,0,1,0
2612.5536771229167,22,3,124,2,1,1,0
2112.7824425034205,22,7,1643,0,0,1,0
3736.473798994736,6,4,1365,1,1,1,0
2358.5137282053947,19,4,1542,1,1,1,0
1123.9960172080123,0,5,51,1,0,1,0
2235.38608221123,13,0,398,0,0,1,0
644.2190399602586,23,3,314,1,1,1,0
731.470295761989,3,1,648,2,0,1,0
3111.6536317006344,16,5,514,1,0,1,0
1182.6962578313505,20,1,502,1,0,1,0
3202.744460538693,13,4,530,0,1,0,0
3456.6948684437457,15,4,1785,3,1,0,1
3897.701664515891,13,1,697,2,1,1,0
4969.059101986354,15,7,734,1,0,1,0
1127.6977413996185,23,4,1764,2,1,1,1
767.9948482862944,19,1,860,1,0,0,0
1745.4988597001666,7,1,419,2,0,1,0
927.7963659451799,23,1,194,1,1,1,0
1837.9595221505267,2,5,312,0,1,1,1
2445.535744738922,18,3,996,1,1,0,0
2332.1021413481744,0,1,722,0,0,1,0
938.5770084815598,1,4,1323,0,0,0,0
365.10765160963274,14,7,1353,0,1,1,0
1126.0960271957222,21,1,476,1,0,0,0
307.687789972201,9,3,584,2,1,0,1
4416.314881074133,17,2,117,1,1,1,0
848.9211523478801,21,1,264,0,1,1,0
335.5590070503998,13,3,1541,0,0,0,1
51.55430879335332,16,2,1805,5,1,1,1
2075.9135160412147,12,4,1543,0,1,0,0
2026.16676599364,0,1,21,1,1,0,1
832.8625342214832,4,3,477,2,1,1,0
148.82625955254906,12,1,549,1,0,0,0
1054.0078962234925,13,1,1197,0,0,0,0
745.6594510565666,23,3,948,2,0,0,0
2260.953046317403,2,2,1021,2,0,1,0
1861.688492011671,14,7,1968,0,0,1,0
906.9813731177835,18,6,1086,1,0,0,1
491.52629844849656,16,1,206,1,0,1,0
8851.70061872906,2,2,1637,1,1,1,0
1210.2785449305875,15,2,631,1,1,1,1
2331.2628770386495,13,2,179,1,0,0,1
302.9321641893651,11,1,1668,1,1,1,0
1329.4681645378412,11,2,888,2,0,1,1
55.845924845850625,10,2,342,0,0,1,0
1408.234738941404,16,2,440,2,1,0,0
6649.439977024297,7,2,1099,1,1,1,0
969.6878895894839,16,2,290,0,1,1,0
79.55344154956627,20,0,557,0,1,0,1
62.89008945167307,22,1,1168,2,0,1,0
982.002725260163,19,4,649,0,1,1,1
348.7661477022617,10,3,208,0,0,1,0
47.25815416240113,1,3,1767,0,0,0,0
2822.925808285821,9,5,272,1,1,1,0
1226.9094089076307,9,4,1631,0,1,0,0
682.8543456586711,10,0,415,1,1,1,0
4606.8345386430865,5,3,1421,1,0,0,1
246.91084699573062,3,2,384,1,0,1,0
6243.445096281949,23,3,1285,1,1,0,1
753.6582709810525,11,6,891,0,1,0,1
4385.734271136216,10,2,1663,0,0,1,0
1847.3502413695446,22,4,1967,0,1,0,0
3505.547102752768,22,5,1191,1,1,1,0
8271.979192000565,12,6,1042,0,1,0,1
680.4939297972234,4,2,660,0,1,1,0
6495.34733191931,5,3,247,1,1,0,0
986.8946593832437,0,1,1666,2,1,1,0
973.9314464199203,5,5,1320,1,1,0,1
832.2042752609592,17,6,414,3,0,0,0
1559.1869937877605,21,4,1802,1,1,1,0
334.81475982377316,8,3,1344,0,1,1,0
1613.5792845831347,23,4,1578,1,0,0,0
1560.4835761790255,14,8,715,0,0,0,0
2870.1442766129912,7,2,1717,0,1,0,1
3587.322095416907,18,5,1885,1,0,0,0
1161.2138630901309,23,2,181,2,1,1,0
720.0274496578934,15,4,1320,2,0,1,0
600.4134180842747,5,4,1680,0,0,0,0
432.89165422024377,5,2,944,1,0,1,0
118.75191561676161,21,3,893,1,1,1,0
838.4627968339795,2,5,61,1,0,0,0
630.1002134103379,9,2,1233,3,1,0,0
6787.493564859322,0,3,166,2,1,0,0
1631.5736993082307,13,1,1906,1,0,1,0
853.2049910342016,3,5,1009,1,0,1,0
1737.2290472451452,11,1,1324,2,1,0,0
299.77851500428955,5,3,655,3,1,0,1
1174.131346885806,10,2,351,1,1,0,0
1968.2524115640226,11,5,1085,0,0,1,0
1342.37154195895,9,6,263,4,1,0,1
1027.589389711504,17,1,124,1,0,1,0
10182.08252788492,6,6,1262,1,1,1,1
4245.780000493593,6,2,1566,0,0,1,0
1953.1749676136155,10,4,932,2,1,0,1
1685.0462407622738,3,2,1791,1,1,1,0
1938.6472866399085,19,4,1905,1,0,1,0
449.5700651715701,0,2,1114,0,0,1,0
1005.5090433803937,12,2,139,1,0,0,1
80.51833273152043,17,3,1915,1,0,0,0
1290.795258087159,8,3,1990,0,0,1,0
1566.251367505949,23,4,1386,1,1,1,0
516.8932109178915,23,1,1437,0,0,1,0
6650.075943799553,8,1,860,0,0,1,0
4803.808034797286,22,2,1743,0,0,1,0
2561.29906704759,8,1,1117,0,0,0,0
1524.508526131865,9,3,134,0,0,1,0
4079.967246365241,1,2,1904,1,1,0,0
280.02433815246184,5,2,1228,0,0,0,0
3126.15658285647,14,2,819,1,1,1,0
266.65325910404766,2,0,1872,1,0,1,0
3161.8045343483373,10,4,1646,1,0,1,0
645.2857995826853,5,5,1062,1,1,0,1
4192.615251900898,2,5,1018,1,0,1,0
5766.311092700327,23,5,457,0,0,0,0
322.2068504292192,10,3,1558,0,1,1,0
1242.3065589182331,14,2,1761,4,1,1,0
7925.304426285942,12,3,1882,1,0,0,0
1321.0015849747622,19,3,438,2,1,1,0
3983.557750530425,9,5,680,1,0,0,0
1777.0180938484998,5,1,647,2,0,1,0
941.0632425607283,14,1,622,0,0,0,1
673.1384381201518,17,3,1248,1,1,0,0
454.36110581677275,17,0,1192,0,1,1,0
2869.274058433911,6,2,1131,1,0,1,0
977.2820856047518,14,2,1404,0,0,1,0
1431.9125312281242,17,1,24,0,1,0,1
1355.8294908178182,17,5,1535,0,0,1,0
1722.0859223471002,19,1,809,0,1,1,0
4013.529635826294,8,4,1331,1,1,1,0
7899.381582671365,23,1,935,1,1,0,0
1047.0930804973336,1,5,1382,1,1,0,1
3514.935483794706,7,3,370,1,1,0,0
2892.3247930051725,19,3,997,0,0,1,0
1704.4215916893254,1,1,1747,0,1,0,0
6249.27533039587,10,4,171,1,1,0,0
447.4737434089003,6,4,1605,1,1,1,0
231.414855639529,5,5,222,4,0,1,0
3847.776381785572,9,0,443,2,1,1,0
1156.602923894953,4,4,1177,1,1,1,0
3754.227622065186,10,1,862,1,1,0,1
4471.539678574234,0,4,376,0,0,0,0
128.9865773751668,1,4,281,4,0,0,0
4299.123176140646,23,1,713,0,0,0,0
1189.5707973368494,0,3,1243,0,1,1,0
1428.4658164922114,18,1,1944,1,1,0,1
1970.1699841706043,1,2,958,0,0,1,0
5217.7479191295515,20,3,1640,0,0,1,0
38.602338731171685,19,1,811,1,1,0,1
1295.7491278756465,22,2,827,3,0,1,0
2327.723196267317,20,1,1846,1,0,1,0
2565.360835090209,23,2,486,1,0,1,0
2358.771331422216,3,5,1534,2,1,1,1
288.74591119061864,11,0,335,0,0,1,0
711.6237426195481,21,3,742,0,0,0,1
888.5642448186694,19,2,410,0,0,1,0
3263.747525573043,17,2,54,1,1,0,1
653.566298353264,0,3,701,0,1,1,0
473.2301824724971,0,2,1758,2,0,1,0
6314.057737900017,23,3,1099,0,0,0,0
17.805595344570474,13,0,349,1,0,0,1
12257.645987808173,3,1,975,1,0,1,0
2259.0997088735066,4,7,1708,3,0,0,1
3525.98603287674,10,2,393,3,1,0,1
698.0355170098412,23,3,554,2,0,0,0
28.837459476023042,22,1,1181,2,0,1,0
2677.8257568694007,12,1,847,0,1,0,1
3593.2778729868014,15,3,81,0,1,0,0
2697.8132070961883,23,5,1232,2,0,0,1
308.2853634204434,12,1,826,2,1,1,0
2800.2018472085083,23,0,1110,0,1,0,0
2930.006695456033,21,3,744,2,0,0,1
2149.052494663762,1,6,1471,2,0,1,0
2905.8594513848266,15,5,177,2,1,0,0
3740.5853493576096,5,4,511,0,0,1,0
1901.7856486258609,13,3,1643,1,0,1,0
185.55714478983148,0,7,139,0,1,1,0
1337.4079675752444,16,2,1126,1,0,0,0
161.65959314865066,10,4,473,1,1,0,0
1046.9540696506706,18,2,1846,2,1,1,1
1045.4809461012621,2,4,542,0,1,0,1
136.57876114710152,10,4,194,2,1,0,1
857.9399945987614,4,3,1857,0,1,1,0
235.311809756145,16,6,1780,2,0,0,0
3302.9714201509605,21,2,486,0,1,0,0
5901.059970123997,6,7,1338,1,0,0,1
150.12926746491155,9,0,1721,0,0,0,0
6207.312468137371,10,0,805,1,1,1,0
1478.7030987775222,2,4,247,0,0,0,1
712.109352557204,19,6,630,1,1,1,0
159.95324947914415,9,5,438,2,1,1,0
1388.7929935427871,9,1,73,2,0,1,0
3164.7697803952356,13,2,1093,0,1,0,0
2455.7557155672994,11,3,754,2,0,1,0
103.06245899209291,14,6,1176,2,0,0,1
151.39164811650497,9,5,831,1,0,1,0
1031.2518624321754,9,3,94,1,1,0,0
699.939218760098,18,4,435,1,0,1,0
528.932183465119,0,4,1807,0,1,1,0
659.8003569110232,23,2,1455,0,0,1,0
3254.0100623134317,9,1,457,1,0,1,0
5296.585189086856,1,5,1454,2,1,1,0
1038.7329683550672,16,1,229,1,0,1,0
4731.28413648578,23,2,30,0,0,1,0
775.7289281144991,6,4,1649,0,0,1,0
1294.1957719790485,6,1,335,2,1,1,1
512.4417419455772,19,5,660,1,1,0,0
2045.9489239430893,8,3,569,2,0,0,0
7724.667935952644,21,4,177,2,0,0,1
1850.123651620192,1,2,824,1,1,1,0
885.7548572133684,13,3,568,2,1,0,1
2087.2112369509678,16,2,409,1,1,1,0
262.31568850462133,0,2,777,2,0,0,0
4390.316871332612,8,5,1261,0,0,0,0
1398.6683644064692,19,1,1302,0,1,1,0
1193.3108238122036,20,2,77,2,1,0,0
1763.1255210799209,18,4,933,0,0,1,0
1960.506106303654,3,3,636,1,0,0,0
148.96397451132995,7,1,540,1,1,0,0
2295.29345904876,12,2,1678,0,1,0,0
553.9635317830209,3,2,1182,1,0,1,0
2503.195722539067,8,0,1191,0,1,0,1
3457.961427963438,8,3,1209,0,0,1,0
3258.8578919909587,21,5,1413,1,0,0,0
1608.161806149805,17,3,12,1,0,0,0
1468.6463600932605,11,6,1955,2,1,1,1
308.3452699285018,9,2,169,1,0,1,0
2986.3890152748563,10,2,831,0,1,0,0
633.2865382172131,6,0,1450,2,1,0,1
1373.1195417994452,8,4,1917,0,0,1,0
668.9159933274842,5,3,449,0,1,1,0
287.3443898145924,18,5,1518,0,0,0,1
1986.1151469518447,15,3,449,1,1,1,1
111.72751945183273,14,1,1130,0,0,0,0
2761.779855836161,6,3,1790,0,0,1,0
764.2398651077931,15,3,427,3,0,1,0
0.2694041528053474,4,5,956,0,0,0,0
1431.3138256088905,15,2,916,0,0,0,0
95.96998472250435,0,6,1122,0,1,0,0
646.3962198195594,18,6,631,1,1,0,0
2455.004851186646,4,5,226,2,0,1,0
129.48160931765358,6,2,447,1,1,1,1
3656.9111284295727,18,2,1911,0,1,1,0
7.654474392792114,21,4,1688,1,0,1,0
566.912346182991,4,0,1500,1,0,1,0
2701.1136926222084,16,3,203,0,0,0,1
760.3847902394995,21,1,968,0,0,0,0
214.93076548758702,7,3,675,0,0,1,0
893.305335129616,0,4,1321,3,1,1,0
630.4992769775121,1,3,634,0,1,0,0
3699.3522742740583,14,1,16,2,1,1,0
751.8550905876796,19,2,1402,1,0,0,0
3111.154315462701,17,2,1360,1,1,1,0
4448.881815408056,10,2,618,1,0,1,0
1137.6773450865926,9,1,1798,1,0,1,1
4814.628146322393,23,2,1044,1,0,0,0
947.4388211190321,23,1,440,1,0,0,0
6652.833904337432,3,2,1268,1,1,1,0
187.06048362472302,4,1,1268,0,0,1,0
2323.2272893199765,3,4,971,1,1,0,0
1361.7023364623064,12,0,392,3,0,0,0
980.8986275250262,12,5,724,0,1,1,0
2003.2173348106555,17,1,736,1,1,0,0
2433.8262852702487,23,4,1889,1,0,1,0
8.745632983492825,1,3,1286,1,1,1,0
365.330644742418,15,1,220,1,1,1,0
2496.8670625373325,0,4,1032,0,0,0,1
2195.5377703349445,18,3,446,1,1,0,0
6765.585882081083,8,1,14,0,1,1,0
2862.899715513481,2,2,387,0,1,1,0
6022.614176753758,6,1,642,3,0,1,0
2424.954405754175,9,3,1046,0,0,1,0
707.7924980065296,0,3,225,1,1,0,0
222.67875642407182,9,2,235,0,1,1,0
3044.9051522289615,20,4,1365,1,1,0,0
2066.48759490405,8,4,1990,3,1,1,0
98.77130890308399,14,1,1000,1,0,1,0
892.7319174155142,14,2,711,4,1,0,1
6283.821025088229,2,3,1158,3,1,0,0
1387.8995879767008,4,3,1202,1,1,0,1
1133.836750145098,8,3,1580,2,0,0,0
1223.8703940999978,21,2,1544,1,1,0,0
468.6181185051916,8,1,792,1,1,0,1
919.9709051183404,22,2,1563,1,0,1,0
923.4781689040748,6,5,437,0,1,0,1
107.55068147219562,23,6,1075,1,1,1,1
2918.3119432260996,22,2,1948,2,1,0,1
1077.4368453275397,11,4,1467,1,0,0,0
3453.9656795657957,8,4,581,0,0,0,0
3798.8853754777147,5,1,1993,0,1,1,0
476.499288708125,22,5,1305,1,1,1,0
2142.111846942619,1,4,1068,2,0,0,0
1278.3857155214864,8,0,687,0,0,0,0
4243.14107860472,16,3,1655,0,1,1,0
486.03109393259444,0,6,365,0,1,0,0
2265.2475567668894,18,0,1912,1,1,1,0
1871.7225956861803,5,4,269,2,0,0,1
699.970390780318,4,1,1717,0,0,1,0
293.75648496137507,1,3,1589,1,0,1,0
2109.0363271708566,8,2,1317,1,0,0,0
2683.387507570942,13,0,1727,1,0,0,1
758.5053813203535,3,5,1218,1,1,1,0
2070.332125360996,3,2,1395,1,1,0,0
1005.4864411627349,20,4,1576,0,1,0,0
2497.988341665501,14,2,78,2,0,0,0
444.32625141214197,7,4,189,0,1,0,1
4418.462790545983,3,3,1631,5,0,1,1
677.6969854692375,15,4,1414,0,0,1,0
917.0546303766779,20,1,1049,3,1,1,1
119.69524568741217,3,0,1639,0,1,1,0
236.4687527134227,15,8,1326,2,1,1,1
1450.7701759768122,21,3,671,1,1,0,0
622.8369344514491,11,3,358,3,1,1,0
3609.449015494012,15,4,1744,2,0,1,0
29.604811388883412,18,2,959,2,0,0,1
953.1513113094144,7,2,1883,0,0,1,0
823.0032226832859,5,3,1118,1,1,0,0
39.033703339754226,9,1,1860,3,1,1,0
265.61964660917744,4,3,1575,0,1,0,1
1067.651810951491,17,5,336,1,1,1,1
1357.9544384679841,9,4,1188,1,0,1,0
1036.0017664794439,9,8,903,0,1,1,0
1514.039275026645,6,4,341,2,1,0,0
1808.3867759270336,17,3,834,0,1,0,0
19.946780916305435,0,1,567,2,1,1,0
1247.597339933238,6,2,72,1,1,1,0
6620.844442019276,20,5,1066,0,0,0,0
1463.910243169651,0,2,411,2,1,0,0
2263.566426447793,14,6,898,1,1,1,1
747.5371593797607,3,3,838,1,1,0,1
2974.364261341995,19,5,644,0,0,0,0
2964.91885297936,9,2,21,2,1,0,1
1473.3458524055131,22,2,1025,0,0,0,0
7460.555169071689,8,5,678,3,0,0,1
268.32081456874977,1,5,1596,1,1,0,0
34.1858401169344,13,4,1100,0,1,0,0
2940.7281679195653,15,4,603,0,1,0,0
3291.742616131892,0,0,1422,3,1,1,0
256.13777375694133,1,3,1743,2,0,0,0
617.3561286960697,6,4,88,1,0,0,0
35.41646541293,9,4,1618,0,0,0,0
694.3224317033132,21,4,17,4,0,0,1
2966.8609042562243,19,4,1353,1,1,1,0
1459.45855114414,0,0,943,1,1,1,0
855.7146861866833,12,6,1234,2,0,1,0
929.6001263187308,0,4,824,0,0,0,0
2.7090853886956294,4,1,383,0,0,1,0
712.7800478224141,15,2,1589,0,0,1,0
2079.5101731210348,14,2,640,2,1,1,1
7314.3309085703595,16,1,1170,1,0,0,0
3755.4299972493827,22,3,453,2,0,0,0
47.755566831033,15,5,816,1,0,1,0
4576.587498444517,12,3,1417,0,0,1,0
3057.5453814203047,10,5,310,1,1,0,1
3031.677696697999,16,0,931,0,0,0,0
1224.9629057128918,16,6,492,0,0,1,0
1015.0132519903914,1,2,760,1,0,0,0
721.697939964626,12,4,1454,1,0,1,0
135.90438126854173,13,3,1,0,0,0,1
518.151300866055,10,1,41,0,1,1,0
566.3276170018667,9,2,1609,0,0,1,0
1323.5957691187339,2,4,672,2,0,1,0
2752.247765213431,16,4,212,0,0,1,0
1284.1851772313098,14,4,1357,3,0,1,1
119.16978012496817,8,7,1832,0,1,1,0
6330.186808793514,9,6,1675,1,1,0,0
5719.7583247040875,7,1,1470,1,1,0,0
3075.9984714558354,20,6,1966,0,0,1,0
9495.288966719887,12,2,304,0,1,0,1
1572.6415532925794,17,4,1579,2,0,0,0
6581.1921595658005,4,6,691,0,1,0,0
157.23170689833964,5,2,1725,1,1,1,0
910.4057992925538,16,1,1782,2,1,1,1
510.7686587971821,10,4,1834,1,1,0,1
435.8968491046164,19,3,1178,1,0,0,0
303.51397474217003,15,2,616,0,1,1,0
1947.911944783962,8,2,523,3,1,1,1
3040.3085822463195,1,6,25,1,0,0,1
1726.9146453916535,4,3,808,0,1,0,0
317.9040313356503,0,4,25,1,1,0,0
3333.3266916293087,3,3,596,0,1,0,0
2020.953976434794,3,4,1130,1,0,0,1
982.5875895555616,21,5,1777,2,0,0,0
2242.515314134136,2,2,1143,0,1,0,1
601.9533891974343,8,3,1995,0,1,0,0
846.8270689879257,21,2,108,2,0,0,0
4989.57080392541,22,3,1354,2,0,1,0
686.402265780928,11,3,180,1,1,1,0
1269.7122742597885,9,3,881,0,0,1,0
4417.117608523501,1,2,131,1,1,0,0
2460.0953036874644,10,4,1831,1,0,0,0
128.44402494814548,9,2,603,0,0,1,0
318.70212680931155,21,5,1955,2,1,0,0
15.744995447947229,5,3,753,2,1,0,0
1993.4934136029829,17,1,759,2,1,1,1
1187.2315740204676,1,3,168,4,0,1,0
288.375601180207,1,1,223,1,1,1,0
6337.036686630445,9,3,469,2,1,0,0
1508.5977092569253,15,2,278,0,0,1,0
553.8622606184094,11,2,190,1,0,1,0
1388.7101041050312,0,4,531,0,1,0,0
2276.4970525465124,20,0,1550,1,0,1,1
158.60426954010163,7,1,1779,1,1,0,1
642.3503531701857,15,6,621,3,0,0,1
3289.772604701704,17,3,1970,1,0,0,1
1231.1314431146945,12,2,1214,0,0,0,0
1581.860255211607,14,3,218,3,0,0,0
1134.1430336046226,20,2,1323,0,1,1,0
89.78541780031405,11,4,1335,0,0,1,0
362.4437948503873,7,0,236,0,1,0,1
1179.5271348445522,9,1,168,4,0,0,0
469.383616498048,13,5,780,0,1,1,0
102.54243907225369,4,2,193,0,1,1,0
3711.3120927748614,17,6,242,0,0,0,0
7947.002206390479,18,4,1186,0,1,1,0
3151.453873135485,14,3,1900,0,1,0,0
3845.353204538956,5,4,1363,2,1,0,1
554.0834454184227,10,1,791,1,1,1,0
6469.348709717577,20,6,455,1,1,0,0
438.61609368275646,10,5,1159,1,1,0,1
6049.4906364041035,19,5,193,2,0,1,0
10525.62786397859,19,4,1426,1,1,1,0
2487.665563369364,20,2,392,0,1,1,1
7941.819778852892,17,6,601,0,1,0,0
1685.8007251188126,17,4,1066,1,0,1,0
600.972144984639,9,2,93,0,0,0,0
1148.936685985619,1,6,1239,1,0,0,1
1800.6425275232357,8,2,349,0,1,0,1
151.77940442768775,13,4,513,1,0,0,0
1947.539206789902,18,5,1359,0,0,1,0
7945.440415750776,9,1,1423,1,0,0,0
421.7078822306674,22,2,924,2,1,1,0
3146.16487231249,3,0,1188,2,0,1,0
4769.734477902514,5,4,106,1,0,1,0
5754.1780717849915,13,0,1256,0,1,1,0
6444.543388896397,3,2,992,2,1,1,0
1474.0294441139088,14,1,1582,0,0,1,0
7571.477569718712,15,4,717,1,1,1,0
2831.942447448347,6,0,1557,1,0,1,0
352.6903489617125,16,3,1201,0,1,1,0
1295.9656642766406,18,1,1703,2,0,0,0
2534.0465578425037,18,1,1318,2,1,1,0
568.2841999595918,16,2,1289,1,1,0,0
2046.7231049227057,5,1,788,0,1,0,0
2196.827491037926,10,1,1876,1,0,0,1
355.1450875970192,15,3,1544,3,0,1,0
1665.2107754173157,7,3,1294,3,0,1,0
2953.549264082792,10,7,1854,0,1,0,0
1381.881890319872,6,2,1236,0,1,1,0
24.353911775400665,23,5,1187,0,0,0,0
18.159127701808572,21,3,823,0,1,1,0
883.3123836402135,18,1,1581,2,0,1,0
5212.632354104803,9,1,917,1,0,0,0
519.2955419278339,8,1,1769,1,0,1,0
2012.23225011044,3,3,1077,2,1,1,0
502.2525594610194,22,4,1257,1,0,0,0
776.2427370931114,14,5,1462,0,0,0,0
3768.303403508251,12,1,854,3,0,1,0
2610.2506112527944,1,5,683,1,0,1,0
200.52324607333796,1,4,1023,0,0,0,0
1119.6887015603572,15,3,1542,1,1,0,0
59.20731960450428,8,4,951,1,1,0,0
1311.2795092716115,12,3,44,2,0,0,1
2171.988533791091,2,3,603,3,0,1,0
252.26650687391682,8,6,1732,2,0,0,0
681.842064654069,12,2,1540,0,0,0,0
1014.4529685657006,20,4,633,1,1,0,0
5039.76713659422,21,6,1599,0,1,1,0
9997.912151804701,1,5,92,1,0,0,1
91.90212436336547,7,1,759,2,1,1,0
2862.649760601149,8,4,731,2,1,0,0
929.551648610978,15,4,954,1,0,1,0
996.6685537683462,1,1,1462,1,0,0,0
2807.0029019906838,5,2,337,4,0,1,0
5012.499985674345,21,1,1767,1,0,1,0
6028.957573174412,7,1,1318,1,0,0,1
1721.3458868909274,4,0,700,1,1,0,0
883.5980012988281,8,2,1844,1,1,1,0
3098.088619154197,0,3,925,3,1,0,0
578.0362845575456,8,1,680,2,1,0,1
1660.565681903547,9,5,967,2,0,1,0
888.1368237533071,22,4,264,0,1,0,0
2137.8996459755876,3,2,105,1,0,0,1
549.9237377770193,2,4,224,0,1,0,1
425.3791345688852,9,4,1443,0,0,0,0
5007.911963579374,14,5,978,1,1,1,0
214.73323740758357,10,4,115,0,1,1,1
1410.2691168196352,13,3,891,2,1,1,0
499.11053778105025,5,2,1259,2,0,1,0
79.4159874277333,11,3,1808,0,0,0,0
73.3670112226542,12,2,1298,2,1,1,0
385.2814869166537,16,3,1979,2,0,0,0
4031.3619637414454,15,2,1254,1,1,0,0
663.9054133360988,2,3,729,2,1,1,0
6009.916225071519,1,2,34,2,0,0,0
1742.7412983477275,10,3,1412,1,0,1,0
1147.5812196301754,8,4,1733,1,1,0,1
1735.4242023882066,2,2,1525,0,1,0,1
1454.2287179901732,17,3,895,0,1,1,0
2844.0607370986963,19,0,462,2,1,0,0
663.9536967974528,14,2,449,1,1,0,1
870.9737450452532,13,4,829,1,1,1,0
4490.412454761042,1,5,1238,1,1,1,0
5854.522233888301,16,3,1070,1,0,0,0
4461.612458394615,21,4,405,0,0,1,0
1087.551786994988,7,2,333,0,0,0,0
3031.5809831030547,9,4,240,0,0,1,0
1293.8090248233634,17,2,1278,1,0,1,0
1376.477899894739,18,2,228,0,0,0,0
458.0217334320902,7,2,733,3,0,1,0
1788.7175271479882,7,2,891,1,1,0,1
411.92375494866155,2,3,166,3,1,1,1
805.6313391458367,2,2,585,1,0,0,1
3862.45969058071,11,3,737,2,1,0,0
464.05531982620613,21,0,1535,0,0,1,0
147.63387400605254,16,6,598,0,0,1,0
143.00831413790925,3,6,593,0,0,0,0
5653.144586567092,16,0,1980,0,0,1,0
1414.1694690315992,13,4,727,1,1,0,0
1053.2734996033275,18,3,1700,2,0,0,0
3330.732083323666,8,5,1414,1,0,0,0
3613.6559977619395,20,1,1776,2,0,1,0
807.5062481257752,11,1,1447,0,1,1,0
2365.8455543326977,4,4,925,0,1,0,1
2949.139466118524,10,6,1435,1,0,1,0
2126.397744694441,19,2,1605,2,1,1,0
328.7945020560986,2,3,649,1,0,1,0
4173.062565483896,20,1,1688,0,1,0,0
1549.1247211418474,14,4,447,1,0,0,1
663.8878038808874,13,3,1427,0,0,1,0
1107.5643223755362,10,4,97,2,0,0,0
76.59015140540455,19,1,379,0,1,0,0
273.626231693328,7,4,670,1,1,0,0
2900.9981470242806,3,3,1210,0,0,1,0
0.023269646100864648,11,4,1704,0,1,0,1
1077.6473004265422,7,2,1268,1,1,0,1
1478.424881867746,5,2,631,0,0,1,0
112.36713831299383,14,1,708,1,0,1,0
7229.635072557551,11,1,503,2,1,0,0
512.6906903662256,15,2,288,2,0,1,0
725.3823522683404,15,2,369,3,1,0,1
724.6460494479172,20,2,65,0,0,1,0
523.8120604507893,19,5,162,1,0,0,1
2.949818460770116,19,2,597,0,0,1,0
2613.819142149375,3,4,927,2,0,0,0
6813.153637805498,10,4,571,1,0,0,0
507.962060888422,12,1,974,2,0,0,1
2175.6247869211743,8,3,1818,0,0,0,0
2708.7878825612484,3,2,662,1,0,1,0
3773.3544560740693,11,6,1442,3,1,0,1
1098.541158774451,8,2,481,1,1,0,1
721.7414841186984,12,3,1657,0,1,1,0
786.9598386292707,15,2,269,3,1,1,0
2493.9090719848464,5,3,1791,1,1,0,1
3394.129501260106,9,3,736,0,1,1,1
400.84226328327964,12,1,567,0,1,0,0
927.0604799335608,6,5,1672,2,1,1,0
4644.355498354065,18,5,1214,0,1,1,0
3286.956737458742,23,1,406,2,0,0,0
8380.619077364752,18,0,765,2,1,0,0
2806.8668766400815,16,3,1513,0,1,0,1
999.0962457673288,12,4,1336,1,0,0,0
1786.310046599916,12,5,1620,0,1,0,1
2163.5944408258483,20,2,1941,2,0,1,0
163.40911090966222,1,3,866,2,0,1,0
1572.7057727048211,9,1,1713,0,1,1,0
2471.0702467136553,21,5,1118,1,1,1,0
366.21486062588934,12,1,390,2,0,0,1
3034.0066119482235,8,1,547,1,1,1,0
1753.0479342938856,0,4,1435,0,1,1,0
6082.3710222210275,13,4,1236,2,1,1,0
86.696821044225,15,1,1662,2,1,1,0
616.657205618876,19,3,1393,2,0,0,0
1840.3659903244875,14,3,742,1,0,0,0
703.5451382092705,0,10,1192,0,1,1,0
2506.495320377518,16,2,1038,1,1,1,0
2845.9605298196957,23,2,586,0,1,1,0
216.31989207718817,12,2,1588,2,0,1,0
1442.4944870901518,14,3,874,1,1,0,0
1422.176549979631,15,2,1231,0,1,1,0
921.7889523745135,15,1,1832,0,0,0,0
5403.883667534351,1,5,43,1,0,1,0
3514.7893602561635,16,2,880,1,1,0,0
2389.4274834967596,10,5,1466,1,0,1,0
2505.8124076510994,7,1,1539,1,1,0,0
1238.7384884585517,19,4,911,0,0,0,0
5076.476151424075,2,7,1965,0,0,0,0
2372.235826668418,11,3,607,1,0,1,0
2611.1331547105665,19,3,1419,0,0,1,0
3956.5285417431437,15,1,238,0,0,0,0
640.607753857549,13,4,1703,3,0,0,0
3290.865070249198,15,7,1555,0,1,1,0
434.4238637980665,20,2,719,1,1,1,0
847.284488332029,16,10,742,1,0,0,1
817.7732725404558,10,2,404,1,0,1,0
7681.775244505231,16,5,214,0,1,0,0
3883.3593527448847,18,0,1991,0,1,1,0
2415.759931969776,21,6,1592,0,0,1,0
2596.9828468404285,0,4,846,0,0,0,0
1651.4051593682618,11,3,1398,0,1,1,0
5878.351061018403,14,2,132,0,0,1,0
1371.3850826421117,17,2,9,0,1,1,1
957.7423313643417,22,3,1767,0,0,0,1
355.9468558803035,13,4,153,0,0,0,1
3085.48143576624,0,3,431,1,0,1,0
2651.858563944405,12,1,483,3,0,0,0
970.1696856981686,14,2,305,0,1,1,0
51.03240190878215,6,6,1947,3,1,0,0
3652.668632221283,14,5,284,1,1,0,0
22.96733820852711,19,2,472,1,1,1,0
2432.764161320476,9,3,993,1,1,1,1
7030.330315879624,13,2,190,1,1,1,0
1151.3019832739178,5,2,1552,1,0,0,0
535.6893620974138,13,3,512,1,0,1,0
2440.6855282395964,23,3,343,2,1,1,0
3397.9392020186506,21,4,1454,1,0,1,0
1581.2127263778011,11,5,715,0,1,0,1
6824.634472806167,10,1,1710,1,1,0,1
106.10277608512328,19,2,680,1,0,0,1
1405.5693378571475,21,2,1875,2,1,1,0
2534.918494699556,23,0,1058,2,0,1,0
3970.306984861358,18,3,471,1,1,0,0
395.0871203199098,1,5,1418,2,1,1,0
3218.910642808085,21,7,741,1,1,0,1
1609.0831747996597,19,1,1519,0,0,0,0
1010.1963870055586,0,3,513,1,0,0,0
282.47062022898547,7,3,1346,1,0,0,0
4009.34742120851,13,4,1139,1,0,0,0
342.22492775262197,8,4,1238,0,1,1,1
741.5125564448649,1,3,1790,1,0,1,0
685.1088810554417,22,3,145,0,0,0,0
4102.31520740062,4,3,559,1,0,1,0
2233.7744914522586,22,0,792,1,0,0,0
3185.9621166212814,7,8,1202,0,1,1,0
576.6122643864525,15,3,1749,0,0,0,0
1960.9871499531323,21,1,360,3,1,1,1
1696.0775242450718,15,4,285,1,0,0,0
3577.4925483858347,12,4,1269,1,0,0,0
4730.774202420149,19,3,765,1,0,0,0
24.462538817942498,14,5,1230,2,0,0,1
2241.838001779072,0,4,584,1,0,0,1
106.45516809244549,21,4,1758,0,0,1,0
1591.949214739779,2,2,1366,1,0,0,1
678.323341139772,5,0,727,0,0,1,0
732.8059290589238,21,3,1384,0,0,0,0
870.6896993582343,13,3,1523,0,1,0,0
1941.9820102765225,3,2,1165,0,0,1,0
813.081269565668,17,3,960,0,0,0,0
2638.7602079855374,14,4,1692,0,0,0,1
1036.7997575476584,8,3,1246,3,1,0,0
141.60301282717757,17,4,1413,2,1,0,1
3062.731297166667,2,3,1354,3,0,0,0
673.0677859034276,9,1,743,1,0,0,1
1133.9698253218858,16,1,1417,0,1,1,0
2313.1855740636515,6,5,654,1,1,0,0
808.3004173809956,14,1,358,0,0,1,0
116.49940764779618,0,3,1418,0,1,0,0
936.5575857042948,10,5,1953,2,0,0,1
5780.892498336065,16,2,587,0,1,1,0
2052.961321342224,4,4,40,1,0,1,0
2226.309937390083,6,3,902,1,0,0,0
2000.878713472277,18,3,273,0,0,1,0
443.7690358575452,23,4,1444,0,0,0,0
1083.7172910217846,14,5,1094,1,0,0,0
2780.121276197348,2,3,829,1,1,0,1
213.7742441087273,14,3,623,1,0,1,0
651.0524992865901,4,2,458,0,1,1,0
646.8094826162039,22,3,1969,1,1,1,0
1131.3343680919618,11,3,234,0,1,1,0
7861.264266559312,19,1,197,1,1,0,1
139.77771699224598,4,5,1875,1,0,1,0
1462.5331374118946,2,6,1735,1,1,1,1
395.35292135102264,8,1,1533,1,1,1,0
7058.735170451548,8,2,536,0,1,0,1
240.50505031108503,6,7,1843,1,0,0,0
1033.6907535594776,1,4,938,2,0,0,1
2677.943764735416,22,2,147,2,1,1,0
2438.541297406312,22,6,574,2,1,0,0
1098.8856460398192,20,4,1483,0,0,0,0
850.8994578636408,15,4,1091,1,1,0,1
1013.7083028682518,8,2,30,2,0,1,0
613.8011765400787,12,3,107,0,1,1,1
459.66408574267496,18,4,1702,1,1,0,0
1319.5783837367603,19,5,390,1,0,0,0
625.4084119078702,16,4,879,1,0,0,0
677.8431292674276,5,3,406,2,1,0,1
2138.6277987663684,3,3,1145,2,0,0,0
6917.907138612632,0,1,1035,1,1,1,0
1850.8506538853346,17,5,584,1,0,0,0
160.20759771989017,18,1,347,0,0,0,0
157.18534897710217,8,2,1277,2,0,0,0
6049.21931486486,12,0,797,0,1,1,0
705.6242294367189,7,5,119,0,1,1,0
193.16935264161353,22,1,1911,0,1,0,1
1827.8100955176483,12,5,520,2,0,1,0
1954.4649426011679,14,4,1239,1,1,1,1
2091.1185616462635,10,2,733,0,0,1,0
622.3163933391319,11,1,80,2,0,0,0
30.452027769782227,13,3,419,2,0,0,1
6705.692882415926,3,4,584,0,0,0,0
577.7470190385317,0,4,712,0,1,0,0
2254.185804892322,23,2,1709,1,1,0,0
2452.6404489001525,3,3,1313,1,1,1,0
1883.2551163836395,18,5,234,1,0,1,0
750.5723969681785,8,5,261,0,1,1,0
632.4271820651319,9,1,1982,2,0,0,1
1820.9567264407178,3,2,933,2,1,1,0
4021.2588349879807,19,5,657,0,1,0,0
5864.903921885127,8,3,1046,0,1,0,0
223.88829031485426,12,1,78,1,1,1,0
336.431693726194,11,3,742,2,1,1,0
5791.2765193978385,10,4,672,0,1,0,1
2667.6712276174453,11,3,1038,2,0,1,0
4291.057132688894,17,2,1772,2,0,1,0
452.8795410999841,11,2,1172,0,0,1,0
1771.454534529418,15,2,1686,1,1,0,1
2415.5573711421625,4,2,30,0,0,0,1
2279.5679726983553,19,4,438,1,1,1,0
1049.0098230078868,11,3,1697,2,0,1,0
31.02924692882995,20,4,1797,0,1,0,0
1748.9835021813424,10,1,1554,0,1,0,1
583.652064757029,8,4,63,2,0,0,0
1196.5987466954007,17,1,1454,1,1,0,0
6320.318519001087,2,4,1159,3,1,1,0
1018.4382219394244,19,1,157,0,0,0,0
3662.6845470288836,16,2,569,0,0,0,0
417.84186234259306,13,7,943,0,0,1,0
2232.293228925945,0,2,777,0,0,1,0
7545.126951371329,16,4,254,1,0,1,0
214.93235284125527,7,3,1007,0,1,0,0
16.709492250489713,4,2,1211,3,1,0,1
1136.8487136501378,4,2,1904,0,0,1,0
194.39999147721997,8,2,873,1,1,0,1
2759.705105791522,2,3,1403,3,0,0,0
4919.616465792632,18,3,1351,1,1,0,0
1138.3965114424755,22,1,199,1,1,1,0
598.7311649906385,8,4,881,1,1,1,0
1139.748065066691,21,4,1195,1,0,0,0
2570.711503912119,17,4,1339,1,1,0,0
18.19079921445722,15,3,6,1,0,0,1
1780.534544578956,0,1,1902,1,0,0,0
1900.1691557042914,1,7,1280,2,0,0,0
2030.5004827063358,13,2,1903,1,1,1,0
554.2020460528032,13,3,821,0,1,1,0
2503.895665264673,0,2,1344,1,1,0,1
191.681911211672,15,3,248,2,0,1,0
444.4637751787968,14,2,1755,1,0,0,1
4198.7995235610415,14,5,4,1,0,0,1
2684.3494172906585,11,1,513,0,0,0,0
27.681797717852966,15,3,838,0,0,1,0
571.0388529673615,13,2,506,0,0,1,0
482.63154851694526,23,3,31,1,1,1,1
631.6318285385556,14,1,1857,1,0,1,0
568.8674289142449,22,2,1653,1,1,1,0
129.13314064662939,14,2,1989,3,0,1,0
1228.452110684271,18,3,1299,1,0,0,0
2639.017793398541,7,3,709,1,1,0,0
1866.5265313898346,1,2,886,0,1,0,0
2234.8054686062937,1,3,1349,2,1,0,0
169.2629936563899,9,2,1201,1,1,1,0
6051.999913268028,2,1,1311,0,1,1,0
3646.3991463165785,22,4,1980,2,1,0,0
3270.437998976395,16,3,748,1,1,1,1
3463.0281073094616,7,1,1991,4,0,1,1
5397.502386392768,22,6,79,1,0,1,0
1571.6391357000705,3,0,243,2,0,1,0
446.9922715986941,13,3,1847,2,0,1,0
1918.3109135951565,20,3,501,1,1,1,1
2716.436372469671,9,4,205,1,1,0,0
2678.191064746801,0,3,1484,0,0,1,0
1473.9850823934305,3,5,1407,0,1,1,0
141.82954717407415,0,6,723,0,0,0,1
927.6071815125889,16,3,333,2,1,0,0
5070.714917406533,16,5,603,0,0,0,0
1756.2994227461634,6,2,166,0,0,0,1
1545.8182760697725,22,5,161,0,0,0,0
626.2828971717277,19,3,6,1,1,0,0
919.1529071062944,14,2,1677,1,0,0,0
4514.192920118012,12,3,205,1,0,0,1
2196.0032354921304,1,1,1997,0,0,0,0
3096.563586149921,18,0,532,1,1,1,0
1211.538292842597,23,1,1124,2,0,1,0
1989.8413147100437,12,5,1701,0,1,0,0
571.0584063926764,23,1,45,1,1,0,1
2444.6865612079687,10,5,457,2,0,0,0
1115.8391226447245,21,2,1873,2,1,1,0
1168.7488398079504,14,0,227,2,1,0,1
2095.7755621064075,9,5,1339,0,1,1,0
5506.533094219477,8,1,52,1,1,1,0
132.29316618459816,8,1,1170,0,0,1,0
3483.0063304143036,19,3,1305,2,1,1,1
691.7048962922712,0,8,1147,4,0,0,1
1173.6842584557928,16,0,1743,1,1,0,0
44.313983978938786,11,7,471,1,1,0,1
716.3409171392776,9,5,897,2,0,0,1
1396.8471229352585,4,2,1321,1,1,0,1
115.63130569590999,17,2,614,1,1,1,0
1350.9907071279492,14,1,512,0,0,1,0
5237.624902249157,5,2,786,1,1,0,0
222.74201418164915,6,5,1665,1,0,1,0
2891.5854234776025,16,2,1526,2,0,1,0
1054.1507215946501,5,3,1703,2,1,0,1
2129.429018240246,7,4,1226,1,0,1,0
602.8497418291304,11,2,415,0,1,1,0
347.49824079036654,20,0,614,0,1,0,0
349.8085402564379,13,3,1607,1,0,1,0
146.19961320134337,11,4,1446,0,1,0,1
410.7219673553782,22,1,520,0,0,1,0
2182.594527572664,9,4,674,1,1,1,1
4268.90430451639,21,3,1097,1,0,0,1
3365.369125322815,19,2,345,2,0,1,0
2311.218223272914,14,5,1051,0,0,1,1
234.03834762126297,6,5,1193,1,0,0,0
682.6930429688593,8,1,775,1,0,1,0
741.5676594319272,9,0,1824,0,0,1,0
575.2493385924038,9,3,585,0,1,0,1
1447.2361152346537,15,2,1233,0,1,0,0
1533.819165879688,6,6,1635,0,1,1,0
882.8664758345155,4,4,880,2,1,1,0
873.2588975696642,22,3,1936,0,0,0,0
3526.992501954175,2,2,898,3,0,1,0
3114.5720325381567,17,2,1963,2,0,0,0
735.7486519134075,10,6,1567,4,0,1,1
4901.902097005666,14,1,848,0,1,0,0
6107.35918769201,20,2,1967,0,0,0,0
791.2549395755805,19,5,1569,1,0,0,0
875.2276142483729,4,0,725,0,0,0,0
1408.9589115417202,23,4,657,3,1,1,0
5664.535208962706,11,2,611,0,1,1,0
4180.106221785574,3,6,1846,0,1,0,1
216.43577162810854,14,0,1334,1,1,0,1
997.5660004680952,8,2,1024,1,0,0,0
1612.0548629363473,6,2,947,0,1,1,1
1398.8636655681364,9,3,180,3,1,0,1
431.0033200163549,22,3,647,0,0,1,0
3915.393473911706,12,6,438,3,1,1,1
2259.8392763761135,7,3,1501,0,1,0,1
3639.1870325988816,11,0,395,2,0,1,0
3914.6500136108566,21,3,1726,1,1,1,0
2759.4786143395027,23,2,1566,2,1,0,0
1156.8196944761544,18,3,594,2,1,1,0
1886.0229188540995,0,3,57,0,1,0,0
349.57697814660685,15,3,1198,1,0,1,0
2239.541624499114,21,3,1744,1,0,0,0
395.0813787878043,16,2,326,0,1,1,0
2368.0109074049524,17,2,322,2,0,1,0
521.6860622201292,10,1,183,1,0,1,1
250.10924469232566,17,3,235,2,1,0,1
361.328637886097,6,3,619,2,1,1,1
3.9882443194212516,17,0,1210,1,0,1,0
2536.948823692528,7,3,266,4,0,1,0
2636.5317419676026,5,1,1668,1,1,0,1
1446.9379492541023,6,3,1009,1,0,0,0
351.9541736815098,22,2,842,1,0,0,1
174.5050030480418,21,4,329,2,1,1,0
38.62858463429933,9,2,1854,0,1,1,1
362.4399522301358,10,7,1389,1,1,0,0
4430.165814299269,12,6,683,3,1,0,1
552.9221063236708,8,6,1834,1,0,1,0
874.7517492021875,6,2,24,0,1,1,0
222.63530282193344,8,2,1285,0,0,1,0
502.9865293233661,12,2,1379,1,0,0,1
1464.7100020383289,2,0,196,1,1,1,0
1871.7254553234798,2,3,611,0,0,0,0
563.0085598475739,0,3,1514,0,1,0,0
118.93142557536306,20,2,1912,2,1,0,1
991.9819700467516,19,4,1357,0,0,0,1
533.6772835701116,1,1,613,0,0,1,0
495.779258944046,2,3,1888,0,0,0,0
6430.903523012014,14,3,1965,0,1,1,0
1915.7910963019935,23,5,1979,0,1,0,1
1627.8223038618903,5,4,632,1,1,0,1
1074.9385471559503,12,4,321,0,0,0,0
1120.537168926944,20,3,1471,0,1,0,0
1556.9962540396327,0,2,1401,2,1,1,0
2384.28483384761,19,4,203,2,0,1,0
2422.3043366700917,18,5,1114,1,0,1,0
376.7450324524554,0,3,1731,1,1,1,0
1386.7454202861677,20,2,177,0,1,0,1
1061.9141333481446,21,1,627,0,1,1,0
4088.565306533237,1,2,1869,2,0,1,0
1996.1891354474199,14,2,32,1,1,0,0
1520.729257014458,13,0,1904,0,1,0,1
245.22731358721373,18,6,946,0,0,0,0
1860.9714582654715,10,2,727,1,1,1,1
249.32205761069548,14,3,954,1,1,1,0
822.5838287374609,5,3,820,1,1,0,1
308.2659445348505,19,1,791,0,0,1,0
2355.789276632577,8,1,243,1,0,0,0
461.97878375889286,4,1,1822,1,0,0,1
994.6982593233696,19,1,70,1,0,1,0
4520.48424177426,1,1,1015,2,1,0,0
457.1072774603071,5,7,1095,0,0,1,0
1417.760858989938,17,5,1647,1,0,0,1
1086.944413268481,22,3,158,1,0,0,0
36.5805866331303,18,4,549,1,0,0,0
3147.737268911849,8,1,1840,0,1,0,0
143.090623058744,20,2,1952,0,0,1,0
1285.8780291350486,23,3,326,0,1,0,1
1645.0466418653057,5,4,1059,0,0,0,0
1980.0169421281837,13,0,1504,1,1,1,0
2333.557192114379,23,3,460,0,0,0,0
584.1095938439889,12,3,1860,0,0,1,0
20.057796729096086,10,1,416,0,0,1,0
2570.681451978797,11,2,571,2,1,1,0
1534.2618257453887,18,6,886,0,0,0,1
3617.2136226257703,18,1,1443,0,1,1,0
3445.082910662892,20,3,511,0,1,0,0
3707.1782729358424,18,4,368,0,1,1,0
1327.5444019965387,23,3,912,2,0,1,0
811.8155996739767,12,4,1911,0,0,1,0
3136.1908516638587,13,1,883,2,0,0,0
1200.3854120645412,23,1,207,2,0,1,0
405.31514943085807,17,3,1385,0,0,1,0
3861.684754346913,11,5,1460,0,1,0,0
4283.653329669396,3,6,578,1,0,1,0
1255.879352009015,9,2,1798,2,0,1,0
157.4365793759157,16,4,1294,2,0,1,0
981.4777400702991,3,2,1257,3,1,0,0
3254.5690344988766,11,2,669,1,0,1,0
4640.969246999533,12,1,106,1,0,0,0
454.98785724017023,3,3,666,2,0,0,0
138.64359120726945,9,8,1042,1,0,0,0
4196.848405608286,2,6,1519,0,1,1,0
986.6425748892519,14,2,260,1,1,1,0
1560.728637874271,1,2,1509,0,0,0,0
6888.156241058423,16,1,313,0,1,0,1
137.76731471825468,5,2,631,0,1,0,0
2090.0558839694995,7,2,1845,1,1,1,0
153.98979618024993,2,5,1126,1,0,1,0
941.5083927944033,17,2,537,0,1,1,0
3257.3897382442956,21,6,1967,0,0,0,0
1136.4583685590399,0,2,1204,0,0,0,1
11743.706919921866,15,3,1534,1,1,0,1
1637.6896911154145,6,5,1501,1,1,1,1
774.7459817892949,2,6,674,0,1,1,0
497.20819000734,22,2,1424,2,0,1,1
863.1681178007634,3,2,350,0,1,0,1
932.1292705875123,8,3,215,2,0,1,0
142.3770125252901,4,3,1407,0,1,1,0
922.7196279414428,18,2,1148,2,1,0,0
1248.1324329329625,14,1,1316,1,1,1,0
2565.582955705842,7,2,1692,1,0,1,0
2138.472936750616,5,4,1729,0,1,1,0
2467.2540548133334,17,1,328,1,0,1,0
16.79770742423358,18,3,1589,1,1,0,1
490.95061726068593,23,6,1706,1,0,0,0
2167.551522942474,14,5,847,2,1,0,0
1323.255818820049,6,7,98,2,1,0,1
10.655284770946407,9,6,659,0,1,1,1
3264.33499098281,5,3,300,1,1,0,1
2963.9334579677547,13,4,30,3,1,0,1
1590.0017623244698,16,1,1098,0,1,0,1
137.5500599528558,8,2,172,2,0,0,0
2909.2753118199585,18,2,1018,2,1,1,0
1752.7635291834363,4,7,1909,1,1,0,0
3046.1532840505615,22,7,923,0,0,1,0
2786.613721814086,6,2,84,1,0,1,0
3249.124135703862,18,5,985,1,1,1,0
1459.6558007017554,19,4,1609,1,0,0,0
302.40061536884815,6,5,1768,1,0,1,0
2224.3525705882053,23,2,1314,0,1,0,0
1937.6632138705688,1,2,639,5,0,0,1
2711.5550432567925,22,0,85,1,1,1,0
372.37244452702436,15,3,1278,0,0,1,0
433.76438892167374,12,3,664,1,0,1,0
4422.009488362917,7,3,1848,3,0,1,0
2772.41111774242,5,5,519,3,1,1,1
4776.906727891121,5,4,1476,0,1,1,0
2843.5556052455613,8,3,1331,1,1,0,0
1818.4083319542306,3,3,1672,0,1,0,0
2123.400421117851,10,4,184,1,1,1,1
4398.756420399307,4,4,973,1,1,0,0
1729.327070408071,16,2,1338,0,0,0,1
2001.4725758628117,19,3,341,3,0,0,1
340.3355467010857,6,6,227,2,1,0,0
1284.6086116333793,14,3,837,0,0,0,0
2520.360601742857,14,1,1780,1,1,1,0
632.005893859971,13,3,264,2,1,1,0
451.9305084635853,12,3,450,1,0,0,0
753.2504339505986,10,2,1275,1,0,0,0
552.8266162686914,12,4,1432,2,1,1,0
483.9205539850999,21,3,170,2,1,1,0
1106.2517362328724,23,1,566,0,0,0,0
4768.425913537777,8,1,1936,2,0,1,0
1414.734199117264,9,2,132,0,0,1,0
416.31378088851704,3,4,827,1,1,0,0
160.19070177689278,16,2,606,2,1,0,0
2382.482689707693,13,4,1070,1,1,1,0
965.1203132196539,23,2,350,3,1,0,1
3450.0448822432113,17,5,99,1,1,0,0
2154.743559713528,10,5,1770,1,0,0,0
3181.639134416646,15,1,1805,3,1,0,1
634.7602237087439,0,4,1061,0,1,1,0
2357.6430164048306,6,1,1462,0,1,0,1
613.2187642673616,9,4,1969,0,0,1,0
5596.0093187021075,8,5,1009,0,1,0,0
2023.2603726475156,2,2,75,2,0,0,0
784.6391810717189,21,2,58,2,1,0,1
628.0845730326964,22,4,1043,1,1,0,0
423.73123658539134,13,4,402,1,0,0,0
2372.534021514961,14,4,188,0,0,0,1
493.6321270750408,1,1,1937,1,1,0,1
1809.2345942582926,23,4,139,3,0,0,0
614.776682018198,13,3,143,0,0,1,0
2169.2350168233643,15,4,1992,1,0,1,0
3374.147430579269,6,3,108,0,1,1,0
3010.383222867769,3,2,221,0,1,1,0
2861.33974825304,17,4,145,2,1,1,0
415.82626466386694,23,6,858,0,1,0,0
185.0749380101596,4,4,510,2,0,0,0
2400.950047314362,5,4,376,0,1,0,1
918.8308494395579,6,0,5,0,0,0,0
1132.487199282571,14,0,1981,0,1,1,0
63.28908292260761,0,5,388,2,1,1,0
601.0657813564949,23,5,568,1,0,1,0
68.51303045515957,3,3,1791,1,1,1,0
4227.002447873579,0,4,984,0,1,0,1
557.8323659898912,10,4,1995,2,1,0,0
1629.8938077110076,17,3,1758,1,0,0,0
79.51870336109192,13,1,1896,2,1,1,0
2198.3092192290164,21,5,560,0,0,1,0
780.2487988646608,10,1,1840,1,0,0,0
4563.980989321934,9,3,1187,0,1,0,1
4380.6244464074825,16,3,1772,1,1,0,0
786.9464530842719,3,4,1784,0,1,1,1
4624.481027622359,23,6,365,3,1,1,0
11123.354472296745,14,1,417,1,0,0,1
3490.6947078845233,15,2,1533,1,0,1,0
3727.00098370406,20,3,1636,2,1,0,0
572.7225198418696,12,1,21,2,1,0,0
1719.359597021331,8,4,614,1,1,0,0
139.2488145146022,10,2,517,0,0,1,1
199.45932369610935,10,3,1984,2,1,1,1
13611.502439778564,5,3,1221,0,1,1,1
790.9481188191786,0,4,661,1,1,1,0
2758.112535258224,21,2,1369,1,0,1,0
3286.662235463189,5,3,330,1,0,0,1
3904.1842302866503,12,6,378,1,1,0,0
12088.294372086468,21,1,1235,0,0,1,1
552.8156927931942,23,2,160,1,1,1,0
82.37501191388588,21,4,658,1,1,0,1
1059.3086121827655,4,3,1594,1,0,1,0
278.70959114791276,14,2,354,0,1,1,0
45.36234656509583,17,2,1264,2,0,1,0
893.9084850506658,19,2,79,0,0,1,0
3062.531608716122,13,1,152,1,1,0,0
1670.2543416064918,14,3,517,2,1,1,0
750.1957583088328,4,3,383,1,1,0,1
2124.610895899333,3,5,693,4,1,1,1
527.9784367835099,1,4,352,1,1,1,0
28.97172274407869,6,2,1225,2,0,0,1
2890.84399266982,9,1,951,2,0,0,0
1954.966167977932,15,3,133,0,0,1,0
2873.513891818843,9,5,1989,0,0,0,1
79.43274665532945,17,6,634,0,0,0,0
3629.4785213858004,16,3,169,0,1,0,0
1932.6759218279199,20,5,866,0,0,1,0
1657.4543721485043,12,7,391,1,1,1,0
1959.6011545043716,0,1,1882,0,1,1,0
3996.5822338664398,0,3,1409,2,0,1,0
1768.3079213838894,14,5,820,0,0,0,1
1739.531881967638,0,3,98,4,0,1,1
9351.004421574105,5,2,1818,0,1,1,1
2827.1680562393994,12,7,1401,0,1,1,0
1167.8459766691785,0,2,992,0,1,0,0
2457.877075312436,4,5,1983,1,0,0,0
986.0711900962172,8,3,780,1,1,1,1
519.8107824083489,16,3,1862,0,1,0,0
1816.9024668376626,15,4,340,0,0,0,1
5267.243008232469,7,3,1555,0,1,1,0
5294.084811731123,16,4,132,2,1,0,1
836.812807540526,14,6,1632,0,0,0,1
1500.1863849741453,23,1,210,0,1,1,0
475.5904763751266,0,3,1029,1,0,1,0
10866.492384029632,11,1,377,0,0,0,1
7939.082624648624,4,2,640,1,1,1,0
2096.840099772192,23,5,1078,4,1,0,1
3263.510807413153,5,6,1522,2,0,0,0
2511.235207169576,0,3,1222,1,1,1,0
1798.6618273780364,0,1,441,1,1,0,0
109.64745278393492,9,7,1742,0,0,0,0
1213.0743575809038,9,4,1204,0,0,0,1
2246.5455618782635,2,4,241,0,0,1,0
2263.5003501952656,16,0,1810,3,0,0,1
934.0086422926958,18,2,1344,0,0,0,0
5684.031489903096,10,3,501,0,0,0,0
366.3006776461169,17,2,1674,1,1,1,0
1387.7326630362795,1,3,23,2,1,1,0
2348.0771842829477,8,0,632,3,0,1,0
2388.9415564194373,23,3,1651,2,0,0,0
2091.881941964144,16,3,1017,1,0,1,0
643.9624779228672,13,5,1618,2,0,1,0
339.6951279419145,3,2,1732,0,0,0,0
2020.874974984779,16,0,1204,1,1,1,0
1829.095084921282,16,1,1888,0,0,0,0
395.33178729314744,11,3,175,1,1,0,1
2442.5034276369774,19,2,198,1,0,0,0
1214.5702305755585,17,5,1562,1,1,0,1
2203.79892062243,2,3,1478,2,1,0,0
3632.5192818455803,10,3,99,2,0,1,0
372.0048744446024,17,5,745,0,0,0,0
38.66100824128207,3,2,1451,2,0,0,0
3020.113754141812,16,2,453,1,1,0,0
1881.6660154384795,17,2,1215,0,0,0,0
2405.544181756002,4,2,974,1,0,0,0
3642.2320747002173,13,3,1602,0,1,0,0
3247.1845775590705,9,2,1782,1,1,0,0
6484.2964230163825,14,5,499,0,0,1,1
1535.4616405525262,0,4,1640,1,0,1,0
1340.7983106552035,15,1,1215,2,0,1,0
1027.951827748881,10,3,141,0,0,0,0
333.7415769212756,22,3,1715,2,0,1,0
1700.1037184423035,19,3,773,1,0,1,0
648.726759385217,5,1,175,1,0,0,1
5084.415163802003,23,3,420,1,1,1,0
1750.2534522228946,21,2,676,1,1,0,1
1797.098987465365,15,6,1458,2,1,0,0
876.776328331348,1,4,1464,2,1,0,0
106.7790893983377,0,3,1555,0,0,0,0
64.51704308120962,23,1,532,0,0,1,0
1100.9880406268119,23,5,918,0,1,0,0
176.71265973351365,8,5,1823,1,1,1,0
1867.1126336260515,21,6,361,0,0,1,0
4256.8099364629,11,5,1775,0,0,0,0
4289.707090303628,16,5,446,0,1,1,0
2152.0119562188165,14,2,556,0,1,0,0
474.5656616187025,18,4,708,0,1,0,0
3975.5024493082415,21,4,1731,1,1,0,1
4344.753549321048,9,2,1381,0,0,1,0
437.93851401442186,11,3,1881,2,0,0,0
2674.445317139281,13,5,561,0,0,1,0
675.2004821541354,8,0,997,0,1,1,0
3245.4547788359832,12,3,59,1,0,0,0
11783.527968204706,2,1,1668,2,1,0,1
60.97203492404702,20,3,885,3,0,1,0
4553.169418958063,13,1,1191,1,1,1,0
1949.0611089151262,20,2,1671,1,1,0,0
7252.381723441355,9,4,967,3,0,0,1
1251.0126440267877,15,3,945,1,0,0,0
3759.7121426573453,6,3,1625,0,0,0,1
128.8510680513687,3,2,1807,1,1,0,0
816.775901142068,19,2,263,0,1,1,1
138.7356072830493,22,4,1455,3,1,1,0
7405.399713194938,10,1,1652,0,0,1,0
3396.253106181459,15,4,196,0,1,0,1
3828.4973097342795,19,2,354,1,0,0,0
5560.120535585934,3,2,886,1,1,0,0
177.88863937464177,21,3,941,1,0,0,1
974.2103574420438,21,2,1644,4,1,1,1
147.36819271368208,22,4,1898,2,0,1,0
473.45352761002545,16,0,915,1,0,1,0
521.0828739528158,12,1,47,2,1,1,0
1266.390364339936,10,5,753,0,1,0,0
625.4860967991647,2,3,1333,3,1,1,0
212.89578398062665,8,3,230,0,1,0,0
366.6227067879234,5,1,1435,1,0,1,0
318.6376718259087,21,1,1925,0,1,1,0
7229.533665998486,20,4,757,0,0,0,0
2848.3456086031088,10,4,316,0,1,0,1
6869.185622368583,15,6,762,1,1,0,0
1158.710371294503,18,1,1101,3,0,0,0
652.4812655643751,4,2,62,1,1,1,0
3201.8802146369403,13,8,1595,0,1,0,1
789.8039441005366,16,2,238,0,1,1,0
711.5888739842574,2,4,1725,1,1,1,0
529.2492139763533,3,5,1592,0,1,1,0
277.7862896938434,15,3,78,1,1,1,0
592.6736635124685,15,4,734,2,0,0,0
878.0016383423299,20,2,559,2,0,0,1
2241.680262698221,3,1,944,2,1,1,0
129.21537712732825,18,2,650,0,0,1,0
472.72847054968304,16,1,1440,1,1,0,1
3311.211259512798,12,3,1985,1,1,0,0
317.80840824886576,21,0,1048,1,1,1,0
839.0625889351182,22,6,1053,2,0,1,0
3999.9143640734846,23,3,1515,2,0,1,0
336.6605327033975,0,2,1159,2,1,0,0
172.72172767807925,11,5,351,2,1,0,1
1325.383367074683,3,6,913,1,1,1,1
720.2747518555784,10,2,350,2,0,1,0
1657.5139865625436,4,2,1305,1,0,1,0
3257.291316346257,1,4,476,0,1,1,0
295.0253262694379,16,3,292,2,1,1,0
1738.3328830727257,7,2,1213,2,1,1,0
1408.451687456386,5,3,1607,2,1,0,0
311.15389362271503,20,4,1443,1,0,0,0
1956.3242155038065,8,1,888,0,0,0,1
639.4201891424889,12,1,468,2,0,0,0
1338.2142193899779,10,2,1230,1,0,0,0
171.70916382021602,15,8,1266,1,1,1,1
1230.832343011983,15,6,306,2,0,0,1
731.9027259094274,1,3,1208,2,1,1,0
3456.231322288964,9,7,478,1,0,0,1
117.33287549123396,11,4,1528,3,0,1,0
1084.6576073901444,7,3,1152,0,0,1,0
1226.571159979007,10,5,449,2,1,1,0
2582.0125543856734,9,6,230,3,0,1,0
1707.9824391296545,12,3,1065,1,0,0,0
2200.501283236406,16,3,793,2,0,0,1
3001.609087680057,6,3,674,0,0,0,1
3963.94700031567,23,3,1416,1,0,1,0
753.3923521313282,2,2,824,1,0,1,0
1544.4790698348136,19,2,1364,0,1,0,0
3666.5143644792724,12,2,1694,2,1,1,0
9103.473250571453,18,2,836,0,1,0,1
4405.829067747562,6,1,1045,3,1,1,1
928.7343284015575,8,6,347,0,0,1,0
434.239753297026,18,4,10,1,1,1,1
1344.3083178799513,12,2,87,1,1,1,0
2706.81387452814,21,2,545,1,1,0,0
1356.7893546702774,7,1,1995,0,0,1,0
1320.1245960149813,21,3,873,0,0,0,0
3643.16461721973,17,3,1363,1,0,1,0
896.9658329129896,22,3,715,4,1,0,1
3929.2946446088845,1,4,4,2,1,0,1
1044.4635241230028,17,6,1047,1,0,0,0
795.6877641737562,17,2,1221,0,0,1,0
1210.2356515034257,10,2,1845,0,1,0,0
2874.7286970940117,0,2,1905,3,1,0,1
269.35444707962614,13,4,1522,0,0,1,0
437.3551171244483,15,1,901,1,0,0,0
6050.109024877095,10,3,1810,0,1,1,0
385.9359645019424,0,4,273,0,0,0,0
1677.397362746777,6,4,1978,0,0,0,1
1731.739352196458,15,5,1475,2,0,0,0
1345.216950629064,13,3,1131,0,0,1,0
2069.8402744452833,14,2,881,0,0,0,0
522.2795160370358,13,2,1402,0,1,0,1
1608.8828331658974,20,4,1224,1,1,1,1
930.9820694561635,10,2,1976,0,0,1,0
2167.4508575489663,15,4,936,0,1,1,0
304.49325524209144,18,0,1879,1,1,1,0
1692.0253184751257,16,2,1751,0,0,1,0
409.7978903413981,5,2,2,1,0,1,0
653.2424122102825,10,3,1145,2,1,1,0
493.61724733901116,16,0,1639,2,1,0,0
403.83529595923477,8,3,149,3,1,0,0
3494.080320207032,17,4,948,2,0,0,1
672.9256627813775,16,3,152,1,0,1,0
5237.985838081075,11,6,1589,2,1,0,0
7008.223472904364,22,2,1702,0,0,1,1
1693.8114009570274,21,5,1940,1,1,0,0
308.6373407604572,21,4,306,0,0,0,0
938.562159509663,4,1,1703,1,0,1,0
3196.3260604345746,10,6,1852,0,0,0,0
915.8046246973369,3,4,882,0,1,1,1
182.07651520840312,3,5,475,1,0,0,0
1627.4001967779157,2,3,1388,1,0,1,1
3730.2203064962664,23,3,807,0,0,1,0
3178.54900578378,22,2,1095,0,0,1,0
385.042329104034,16,3,1664,0,0,1,0
2234.151066879617,6,3,33,1,1,0,0
498.21611989691564,3,1,1181,1,0,1,0
492.33192622348867,22,6,1354,0,0,0,1
4144.086327474715,12,1,778,0,1,0,0
574.4815469842641,11,2,1740,2,0,0,0
611.006111532981,0,5,1731,0,0,1,0
1.3072086281407382,20,2,1411,1,0,1,0
4090.7610665774446,18,5,1997,0,0,1,0
3146.1619497291667,20,2,1645,0,1,1,0
1974.1182238451738,19,2,1183,0,0,0,0
2774.715964639595,17,2,795,1,0,1,0
329.86383547325966,10,2,1990,1,0,1,1
1226.172987650191,19,2,1563,0,0,0,0
865.3213169686854,2,2,1251,2,1,0,1
196.93868718841514,16,2,1276,0,0,1,0
1331.5718160826023,11,2,367,0,0,0,0
5070.034559411854,9,3,1801,1,1,1,0
81.76715752199796,7,2,262,0,0,1,0
689.1001068077179,14,1,646,5,1,0,0
465.2288581661595,4,1,538,3,0,1,0
544.0024013938879,3,1,1067,1,1,0,0
4781.402564769317,20,6,1555,1,1,0,1
1262.4831985153423,19,3,16,2,1,0,0
1255.840591322481,18,1,105,2,1,1,0
2859.0354938077303,20,4,791,2,0,1,0
335.63578022459694,3,4,1227,1,0,1,0
1335.9936541809582,14,2,720,1,1,0,1
1124.1859567029783,16,6,1949,2,1,1,0
1817.1942600818131,11,4,1702,0,1,1,0
15447.05904412492,2,1,1083,2,0,0,0
2934.5654469455467,9,6,1009,1,1,0,0
1014.5495477286919,14,3,48,2,0,0,0
3515.3312784570153,9,2,660,0,0,1,0
374.3667847223361,23,2,1301,1,1,0,0
61.874697797474425,22,2,1436,1,1,0,0
457.43906766189247,17,4,1202,2,0,0,1
832.2784166646167,0,4,801,0,1,1,0
1429.0716202211208,2,3,114,2,1,1,0
1909.6948618814267,20,5,296,0,0,0,0
4829.397099583864,11,2,1754,1,1,0,0
1426.1039851194755,0,2,438,4,1,1,0
1391.4034597919053,2,4,266,1,0,1,0
103.09825384713727,2,3,162,2,1,1,1
71.07105312942996,4,3,1865,1,1,0,0
1602.1774346729378,18,3,504,0,0,1,0
1153.1425935417963,0,3,1060,1,1,0,0
3654.9440158096263,3,3,587,1,0,1,0
350.325488009119,3,3,458,0,1,1,0
50.57748782264078,16,3,1006,2,0,0,0
1192.1816630487554,13,2,1671,1,0,1,0
542.2492972077465,17,2,1395,0,1,0,0
101.77490790139755,0,2,1510,0,0,1,0
2579.048944220171,21,3,272,2,1,0,1
236.6506152223006,15,3,1203,0,0,1,0
1874.6176451331992,2,5,480,0,1,0,0
659.9262344224979,22,3,957,3,0,0,0
381.1011659453449,20,2,159,1,0,0,0
955.2702234893355,8,5,755,0,1,0,0
3233.386097031657,22,1,1952,0,1,0,0
995.4686364875107,3,2,1837,3,0,0,1
2778.755413183913,20,5,204,0,0,1,0
268.17462978226644,4,3,795,0,0,1,0
2963.5976126377273,10,2,1302,1,0,0,0
540.8197321442336,20,3,1167,2,0,0,0
2262.6416349021124,8,2,1544,0,0,1,0
1668.4150833005235,2,2,512,0,0,0,0
5294.231505256959,5,3,1988,0,0,1,0
979.8332239331273,23,2,116,2,1,1,1
136.91143620456035,10,6,392,0,1,0,1
38.68265794578303,8,2,1367,1,1,0,1
3507.2929037568506,14,4,1397,1,1,0,1
1487.7681549471213,22,2,1808,1,0,0,0
2985.48028057035,2,5,688,1,0,1,0
534.257754488062,0,0,930,0,1,1,1
846.4958145330454,19,3,726,0,0,0,0
61.13259594525442,21,2,369,0,0,0,0
6513.795391693862,18,2,1239,0,1,1,0
2204.4450356247735,13,2,1535,1,1,0,0
5412.256730803273,16,2,569,1,1,1,0
617.1207844024639,21,2,901,0,0,0,0
1890.7368975237891,13,2,741,2,0,1,0
2269.5152733625146,16,3,1836,3,1,1,0
764.131150929663,13,2,327,1,1,1,0
3769.1873358163903,11,3,37,0,1,1,0
5881.028970363017,15,5,986,3,1,0,0
4323.128194874785,0,3,380,0,0,0,0
2686.983034769343,12,0,796,0,1,1,1
649.9779479932112,5,3,1536,0,0,1,0
661.5021851373677,16,3,1348,1,1,1,0
6613.24697002486,11,4,369,2,0,0,0
20.675493568156902,22,5,224,3,0,0,1
2517.9140368486164,18,2,1958,2,1,0,1
2450.026299934873,5,1,814,2,0,0,0
1949.3738632326567,6,2,1737,1,1,0,0
9232.228930835943,0,0,1124,3,1,1,1
747.5824353715758,0,3,1818,0,1,0,1
830.9456285080682,4,1,1099,1,0,0,0
164.45890008982767,5,5,724,2,1,0,0
1169.6553855199988,15,3,1461,1,0,0,0
605.0460498382329,15,2,703,1,1,1,0
841.320043145463,13,2,1392,2,0,1,0
3598.4359125070528,0,6,63,2,1,1,0
5481.699967301965,12,4,1648,2,1,0,1
410.9340907290141,19,4,1958,1,0,1,0
932.0516832576722,9,3,1679,1,0,1,0
5279.77108420815,23,3,99,1,0,0,1
127.60230226034267,9,1,777,0,1,1,0
193.816073240776,8,1,1249,1,0,0,0
355.3630509121296,12,1,75,1,0,1,0
1808.7877327407425,2,0,1814,0,0,0,1
326.1493937121577,17,3,1734,2,0,1,0
6888.8182995067555,19,2,184,1,1,1,0
1183.7623701721773,1,2,1317,0,0,0,0
1392.3754380319783,16,1,1081,2,0,1,0
566.4735769140939,18,3,1273,0,1,0,1
1273.3834255441539,22,2,1980,1,1,1,1
2168.907782794871,12,1,1650,0,1,0,0
2782.0280581350166,12,3,469,2,0,1,0
2803.7752752665433,0,7,140,1,0,1,0
1724.9839428761054,1,1,1927,0,0,1,0
4694.3235675168135,0,2,1986,1,0,0,0
3401.0005742683293,23,2,359,3,0,0,0
2829.7837162434953,4,4,1577,0,1,0,0
114.42264109641366,23,3,1432,0,0,1,0
13.803448842989535,2,3,1498,1,0,0,0
477.6499218606454,6,2,1689,1,0,0,1
2178.4544959946625,23,4,1470,0,0,1,0
1059.3288935422117,21,6,980,0,0,0,1
1029.688238560299,12,3,1256,0,0,0,1
4318.474622336869,22,5,1641,0,1,0,0
4518.339612061791,17,3,1642,0,1,1,0
4797.647216315547,23,3,300,1,1,0,0
753.3998720417655,20,1,1666,1,1,0,1
2349.189284300964,6,4,426,1,1,0,1
633.9009716207856,0,2,995,2,1,1,0
422.94839042242717,4,7,161,0,0,0,0
408.2325896378623,16,4,401,1,0,1,0
837.4278371545389,7,2,1402,0,1,0,1
1124.0891393079776,14,0,1983,1,1,1,0
3555.1116925828464,19,4,1942,1,0,0,0
255.4192434996594,3,4,1281,1,0,0,0
2655.4913419744175,1,3,741,2,1,1,0
1516.2458950921393,4,3,862,2,1,1,0
679.2012092240152,0,3,494,3,1,0,1
1357.7769792850536,4,4,1990,1,0,0,0
713.1843798030919,5,1,489,1,1,0,1
1813.086562201032,1,3,1206,0,1,0,0
1137.7709682391448,0,1,526,1,1,0,1
359.2237324366271,3,2,1124,1,1,0,0
247.91604113780457,6,1,737,1,0,1,0
1582.3831910788087,21,4,358,1,1,1,0
4654.022664495011,0,2,1255,0,0,1,0
843.0599798391506,0,2,565,2,0,1,0
2641.014044329653,7,2,1030,1,1,0,1
2149.7604009439483,19,4,90,1,1,1,0
5363.447047947478,15,5,64,0,0,1,0
3440.526860311973,20,4,1112,0,0,1,0
1672.2126480448017,12,6,1057,2,0,1,0
2140.227503807789,22,4,1096,0,0,0,1
4573.157099590866,23,3,1580,2,0,1,0
1020.0478390565761,22,7,253,0,1,1,0
791.4099051033852,17,2,107,2,1,0,0
21.739896086029432,19,5,1826,1,1,0,1
3503.744197351154,9,4,930,0,0,1,0
3228.706952125036,11,6,1944,2,0,1,0
220.6445387597513,0,5,514,4,0,1,0
1720.0919926377592,9,4,136,0,0,0,0
1247.173946566477,8,3,629,1,1,1,0
252.73501897861394,2,2,409,0,1,0,1
7881.691544475004,18,2,121,0,0,0,0
483.36846343239813,8,4,1502,2,0,1,0
139.20221304282558,9,2,800,0,1,1,0
1806.9828842524182,18,1,824,0,1,0,1
2685.4483729981207,15,2,1118,1,1,0,0
65.96280417710608,23,2,505,1,0,0,0
2150.0902108200617,17,5,7,2,1,0,1
1519.8216883766327,13,6,944,1,0,0,0
217.98979935337664,2,6,1624,1,1,0,0
378.7500529261165,1,1,1718,0,1,1,0
1678.540391108766,0,1,191,0,1,1,0
702.9700512538606,17,4,457,0,0,1,0
5571.452603967907,23,6,1744,1,0,1,0
3415.6481608107056,8,2,386,0,1,0,1
8216.952675742401,12,6,803,0,0,0,1
601.3207589087683,1,6,866,2,1,1,0
6994.775662246797,6,8,1023,1,0,1,0
1128.5718966261697,15,1,278,1,1,1,0
853.945890557428,20,4,1472,1,0,1,0
103.3225704270098,18,5,827,1,0,1,0
108.41667349013096,14,2,945,3,1,0,0
2355.3840839154077,21,1,52,3,1,0,0
1224.7165590876382,10,1,1429,0,0,1,0
513.7151360723027,0,3,396,1,1,1,0
1903.681971714877,20,2,779,3,1,1,1
583.0003529532294,6,5,1780,0,1,1,0
1723.7554508414623,19,2,694,1,1,1,0
890.1030668379648,7,4,211,3,0,1,0
3469.4606957593232,9,4,890,0,1,1,0
3437.346972513234,4,3,1734,1,0,1,0
1297.6880334835582,8,3,270,1,0,0,0
864.0877579596332,0,4,545,1,0,1,0
900.5896097459647,1,3,1007,3,0,1,0
3276.8533687302383,18,2,1638,0,1,1,1
795.5281232593031,13,3,845,1,0,0,0
469.06475121607014,19,4,1016,2,1,1,1
176.98132345736298,9,0,1306,0,1,0,0
1257.3165246216856,8,1,398,0,0,1,0
1316.070172929693,9,0,1773,1,1,0,0
3676.5541862253062,5,3,1240,0,0,0,0
500.1013879775742,16,1,1456,1,1,1,0
959.2718178613466,5,5,1345,1,1,1,0
3304.7507327325043,3,3,814,3,1,1,0
3470.269984302313,19,1,639,0,0,0,0
971.0016285434195,2,4,493,0,0,0,0
1229.130549272837,22,4,951,1,0,1,0
722.7602515012736,18,4,1630,2,1,0,1
5392.882050795809,17,4,1610,1,0,1,0
252.58676521613387,23,5,128,1,1,0,1
5428.622209483917,3,3,74,1,1,1,0
2303.1810678000015,7,4,1500,2,1,1,0
1516.7463940666266,16,5,452,0,1,0,0
66.40854301125658,4,3,1486,2,0,0,0
1290.9865302943977,12,3,1932,0,0,0,0
1047.6464725813394,0,3,438,0,1,0,1
351.6108149065415,12,5,1280,2,1,0,0
2136.610077830608,3,5,448,2,1,1,0
7091.353475526076,21,2,1126,1,0,1,0
1651.935074070447,23,3,559,1,1,0,0
2508.8015530496705,13,4,1701,1,0,0,0
141.81179867263418,2,1,970,2,0,0,0
1081.4256454860304,4,7,1792,0,0,1,0
247.40764959332435,6,2,937,1,1,1,0
1897.6063366165858,0,1,283,3,0,1,0
5576.856071809165,22,1,1962,1,0,1,0
2168.104006766053,11,1,760,1,0,1,0
159.82537026824633,10,3,1228,1,0,1,0
875.9751687966058,23,4,86,3,0,1,0
1599.9659208405992,7,5,1348,1,1,0,1
1032.372452757735,5,5,1949,1,1,1,0
3587.2505432126136,21,5,164,1,0,1,0
3371.245360764361,1,2,877,1,1,1,0
1892.6290379403965,18,5,1081,0,0,1,0
935.0787604305564,19,5,206,0,1,0,0
589.6453419404587,19,2,1932,0,1,0,0
223.817860070722,23,1,1453,0,0,0,1
876.6926890268164,13,5,148,0,0,0,0
1066.0487975713995,0,7,1325,0,1,1,0
2252.9307700499658,9,3,791,1,1,0,0
2146.8239473125027,15,2,1982,2,1,1,0
145.37395755986228,3,7,1314,1,0,0,0
1005.9110667654143,10,2,1045,1,0,0,0
401.2452908755844,15,2,947,1,1,0,1
341.1323385678021,19,1,1161,1,0,1,0
3512.4234834392723,0,5,1994,3,1,0,0
85.63800926202912,15,1,1393,3,0,0,0
1086.638664533173,18,0,1546,2,0,0,0
368.3352933792357,20,2,1844,1,0,1,0
4229.395038479039,21,3,557,0,1,1,0
1628.553930414228,8,2,1460,2,1,1,1
526.3188156001623,8,4,761,2,1,1,0
1396.0271532276165,8,2,30,2,0,1,0
2629.70712894599,16,5,1472,1,0,0,1
6345.798703188005,11,1,225,2,1,1,0
498.06664630656746,12,3,1410,0,1,0,1
4346.305191012331,7,1,1713,2,0,1,0
5445.437951924127,15,2,1632,0,0,0,1
4963.915074167379,17,2,429,0,0,1,0
2017.9875890680314,0,5,529,0,0,0,1
1987.535346075063,0,2,1052,1,0,1,0
1032.3820944966653,11,5,126,1,0,1,0
2791.8643706313087,5,2,813,1,1,1,0
1515.5592238445302,8,2,1809,2,0,0,0
2262.920267964171,22,2,499,0,1,1,0
1118.8342788054822,4,1,1211,0,0,0,0
2629.782391641272,15,3,654,2,0,0,0
3479.907912785409,17,5,1396,1,1,1,0
316.67010965937504,16,8,138,2,0,0,0
3578.681380558319,17,2,994,1,1,1,0
1554.3472633835906,0,3,1998,1,1,0,1
3724.3541128698675,18,0,1361,1,1,1,0
1128.8104501953671,21,3,741,1,0,0,0
952.978786054777,7,1,214,0,1,0,0
4931.637556142718,2,1,1810,0,1,1,0
578.4846247824049,4,2,291,1,0,1,0
3718.5225166839623,22,3,944,2,1,0,0
1323.3767669992874,7,5,1594,2,1,0,1
1443.4861164356105,18,2,371,0,0,1,0
737.6925195779662,17,3,530,2,1,0,0
1702.1402022541304,17,1,692,2,0,0,0
786.7110408799737,20,1,1694,1,1,0,1
80.12251424545349,0,5,1792,3,0,0,0
634.9046301030229,14,0,549,1,1,0,0
12.798952891657462,17,4,1320,2,1,1,0
7665.941920307048,6,5,774,2,0,0,0
6747.974504950287,15,5,1615,1,1,1,0
1005.5670878773794,15,4,1017,1,1,0,1
2606.635156163371,14,4,419,0,1,1,0
848.7029717142814,5,2,1690,1,0,1,0
2223.961441097876,8,4,361,1,0,1,0
3273.927009470685,6,1,1883,0,0,0,1
5865.749504970396,13,4,1182,1,1,0,0
1022.3589588966306,10,2,1099,1,0,1,0
3058.464124963034,20,4,1396,1,1,0,0
618.2975528310521,15,7,920,1,0,1,0
9277.930478459175,5,5,1914,1,0,1,0
52.21490347374638,21,2,567,0,0,0,1
1850.303785007891,15,2,718,2,0,0,0
2154.7154416096237,19,2,727,0,1,0,1
2329.796236194601,15,4,1545,0,0,0,0
256.54779794001234,11,2,1130,1,1,1,1
5578.405011178065,16,1,1854,1,0,1,0
399.79000823273145,4,1,367,3,1,0,0
1949.7124051080755,12,1,402,3,1,1,0
503.79625780416524,7,3,1781,0,0,0,0
734.0752372778347,23,3,1843,2,1,1,0
1581.3371902895456,4,2,103,2,1,0,1
1079.7998238785835,11,6,787,1,0,0,0
349.2439916158676,8,3,325,1,0,1,0
374.9168215421764,2,2,373,0,0,0,0
1083.0672782256706,2,4,338,0,1,1,0
2831.718067747459,0,2,891,0,0,1,0
4564.871852436246,21,2,1057,0,0,1,0
175.7565865992188,17,4,1132,1,1,0,0
998.7953694333348,23,2,1446,0,0,1,0
211.2668029374933,11,5,1293,1,0,1,0
33.46335547523305,8,3,1969,1,1,0,0
2167.754859597279,8,4,1097,0,0,0,0
1844.8663259091052,17,6,1882,1,1,0,0
355.90808970487427,17,3,1205,0,0,1,0
532.6575917358913,6,1,1921,0,1,1,0
47.986609297617306,3,3,1804,2,1,1,0
3602.979781542269,12,2,1176,1,0,0,0
7353.158509250842,16,4,1536,1,0,0,0
291.1143392539817,23,0,1921,0,1,1,0
526.5649275567495,1,4,1092,1,1,0,1
4056.1212662544344,13,3,1927,0,1,1,1
5219.954898419831,2,2,1396,1,0,0,0
1088.1698765671586,4,2,1372,0,1,0,1
103.89748622918002,13,3,997,0,1,0,0
80.37737706170833,2,3,1733,1,0,0,0
1706.3965087062468,22,4,1831,2,0,1,0
998.1074007377222,6,4,32,0,1,1,0
58.1418433592142,17,1,1969,2,1,1,0
1750.5489955395312,12,5,927,0,1,1,1
22.733791324836467,22,2,620,0,0,1,0
3096.4218443843693,21,1,1103,1,0,0,1
731.8143537444645,9,3,1283,0,1,0,0
82.18156755093483,12,4,1521,0,0,0,1
1775.1744011429362,15,0,878,0,0,0,0
1013.9474850331222,8,4,175,0,0,1,0
7284.023290659967,1,2,1391,0,0,1,0
1571.3964555638556,22,5,15,1,0,0,1
643.827166873361,4,4,1075,2,0,1,0
2471.882552134239,21,3,107,0,1,1,0
633.5133508574036,16,11,1746,1,1,1,1
4691.88917949432,22,1,469,1,0,0,0
939.1177619454292,21,1,202,1,1,1,0
1596.431312292162,3,3,1813,2,1,0,1
103.7934872196247,16,2,1242,1,1,1,0
1110.6742418329052,8,5,1065,1,0,0,0
3571.9151416091204,19,1,1912,1,0,0,0
3276.1769497430455,1,1,1795,0,1,0,1
508.02671413871,23,3,1409,1,1,0,1
512.5711390787284,17,2,917,1,1,0,0
3399.877784348707,20,4,1739,1,1,1,1
5329.936026365574,21,2,336,1,1,0,0
200.43844572750686,10,2,1635,0,1,1,0
1195.887247156446,12,3,1685,0,0,1,0
823.3314212377134,7,5,105,2,1,0,0
4091.0614245027814,0,3,203,2,0,1,0
174.4407933309361,16,5,1534,0,1,1,0
474.2971877827222,11,1,1119,1,1,1,0
2792.4335524242883,3,4,1201,0,1,0,0
105.31233795075002,20,2,65,1,0,1,0
1356.6565723792548,12,3,553,2,0,1,0
1167.1763068455398,8,0,224,1,1,0,1
814.136321587875,6,1,1603,1,0,0,1
1003.6403077421554,22,3,380,1,0,1,0
1509.792362960929,23,2,255,0,0,1,0
351.96504213663667,4,4,1322,0,1,1,1
1697.2449065363771,4,2,1605,4,1,1,0
3273.950510194796,16,2,1977,1,1,1,1
2855.574242691,8,3,171,1,0,0,0
334.23522081977796,5,4,613,1,0,0,0
323.2726846354244,18,8,652,4,1,1,0
624.4260013969706,15,0,718,0,1,1,0
895.9355481473119,20,0,832,1,0,1,0
1050.037007107788,1,2,1388,0,1,1,0
2276.9770663103027,9,4,819,0,1,0,0
116.70033904275844,15,1,73,1,1,0,0
70.57613708405933,4,2,1084,0,1,1,0
994.8666148259477,14,0,455,2,0,1,0
2389.1257150661622,12,2,336,2,1,0,1
429.9424294130878,12,4,668,0,1,0,0
2051.6782380760524,12,4,1148,0,0,0,0
601.7457474444657,14,2,1479,2,0,1,0
4344.624912940855,13,6,14,1,1,1,1
4520.775019978245,7,1,1440,0,1,1,0
705.614023175558,10,2,1800,0,0,0,0
522.7133048625124,17,4,27,0,1,1,0
1059.6906203060057,23,6,1781,0,0,0,1
550.273089236741,3,3,1074,0,1,0,0
2231.825219635884,9,0,187,1,1,1,0
3498.1435983227507,0,2,1081,1,1,0,1
2236.153787377161,4,1,771,2,1,0,1
3478.5288930531997,12,3,667,0,1,1,0
1011.6501686837389,0,3,990,2,1,1,0
339.95682527511906,22,3,1058,1,0,0,1
2678.447138143785,7,4,538,1,0,1,0
894.0575837911874,2,5,1786,2,1,0,0
2225.042088402471,2,2,936,1,0,0,1
631.1864928669911,6,1,371,2,0,1,0
169.43812500787652,3,1,86,2,0,0,1
9807.636461135082,2,4,160,0,1,0,1
339.68313272920324,14,2,425,1,0,0,0
8917.123290037556,7,1,1922,0,0,0,1
7569.013434215007,2,2,1903,1,0,1,0
3157.9930181237523,6,6,1736,0,1,0,0
2154.2278591820527,17,4,1130,1,1,1,0
1724.5856850986515,10,3,1415,0,0,0,0
4021.347135269835,10,5,1536,1,1,1,0
683.4024283884241,16,4,275,1,1,1,0
1261.0254889028179,5,7,1313,1,1,0,0
1931.9599393525102,7,4,258,0,1,0,0
1059.3050724098018,0,2,963,0,0,1,0
1115.437765711922,9,0,1244,0,1,0,1
801.8050675033186,18,7,974,1,0,0,1
1661.2897333471885,2,7,527,1,0,1,0
3801.9150512053275,3,1,533,0,1,0,0
450.1117022047718,10,3,1870,0,1,1,1
5449.366698870503,14,3,1083,0,1,1,0
2336.48850275648,0,4,1384,0,0,0,0
3466.300626820313,8,8,1618,0,1,0,1
1624.7205934233812,10,3,1654,0,1,0,0
3023.866660767406,18,4,113,2,1,1,0
32.66611700668129,12,4,1831,0,0,0,0
3411.682051119931,15,3,1300,2,1,1,0
81.93329972584974,3,3,257,2,0,0,0
4412.975470970122,0,6,329,2,1,1,0
9647.335901062861,19,5,777,2,1,0,1
696.471203091597,12,3,1259,2,1,0,1
472.251301294582,0,4,51,2,1,1,0
2899.434381334317,4,4,1702,2,0,0,1
583.4507134943143,4,3,1767,2,0,1,0
4013.310005885194,13,2,221,0,0,0,0
217.04789954796513,22,4,783,0,0,0,0
269.24728383328744,13,3,596,1,1,0,0
7740.951837360713,7,3,1254,0,0,1,0
2240.7276851896745,3,2,1833,2,1,0,1
3753.1610677507515,6,6,222,2,0,0,0
784.0991325684687,19,2,943,3,0,0,0
2257.0118659633436,18,1,1690,0,1,0,0
1803.9958612113685,14,3,1078,0,1,1,0
1848.3944122727157,21,0,1655,0,1,0,1
2294.7594012803957,3,1,1734,0,0,1,0
1713.0231612243638,18,2,1959,0,0,0,0
1120.9506069855545,8,2,1297,1,1,1,1
645.7142331581302,20,5,198,0,0,1,0
2927.0535772460016,12,6,128,1,1,0,0
513.0708881981344,13,5,1628,0,1,1,0
2357.6130056400384,22,1,1033,1,1,0,0
531.4049992473073,13,2,987,1,0,0,1
1963.4201881003826,21,3,227,2,1,1,0
2749.3503887127013,9,5,558,1,1,1,0
493.6277136002178,15,3,1158,0,1,1,0
123.63017460901631,4,4,1988,0,0,0,1
280.7638779532746,22,6,1040,1,0,1,0
1862.7933448643319,5,3,215,2,1,1,0
3786.8723067421765,1,3,1136,3,0,0,0
92.08121991530511,12,3,855,3,0,0,0
2649.6555499058027,12,5,1181,2,0,1,0
835.0307818644346,18,6,425,1,0,0,1
1302.2008132675517,17,2,1476,0,0,1,0
5286.198369511507,18,6,318,0,0,0,0
806.8488975484607,0,8,360,0,0,1,0
1252.2370270944937,7,4,1400,2,1,1,0
27.553763355231688,21,3,936,0,0,1,0
170.24171938970315,15,1,958,0,1,1,0
598.4072929120996,1,1,920,1,1,1,0
56.494940917444666,7,6,902,0,0,0,0
1995.9525926911292,5,3,1320,2,1,1,0
1111.6402499791438,15,3,198,1,1,1,0
1588.7887914672515,22,3,1594,0,1,1,0
383.8886612122792,10,1,398,1,1,1,0
701.7607567778857,16,5,590,1,0,0,0
2180.243718297424,22,4,242,1,0,1,0
6722.188171799014,18,2,429,1,1,1,0
103.46419940695954,10,2,1903,2,1,0,0
4421.549713620237,7,4,611,5,1,0,1
1720.2045828044397,21,3,6,3,0,1,0
1659.8571454582723,3,3,1815,2,1,1,0
1387.4088123936774,10,6,1342,0,0,0,1
143.83876889812254,7,4,1236,0,0,1,0
188.3507217295123,8,0,1297,4,1,1,1
1837.146698423506,1,3,1108,0,1,1,0
833.9377613043999,15,4,1648,1,0,0,0
4984.299231569099,5,2,710,0,1,0,0
1043.7412495474923,20,3,360,1,1,1,0
309.29167510138745,20,4,1405,1,1,0,0
2508.5600718351525,18,2,1564,3,0,0,0
694.4492539113958,7,3,1165,1,1,0,1
1490.862172380171,13,3,1949,0,0,1,0
2393.549448913991,23,6,1534,0,1,0,0
4610.459397808589,15,1,1197,4,0,0,1
3142.273655573616,11,4,1044,2,0,0,0
2256.253583235199,4,2,1978,0,1,1,0
2276.5772693582526,23,2,1653,0,0,0,0
5834.753448618278,23,2,503,1,1,1,0
701.4541850473619,18,2,1590,0,1,0,1
2.2254260635657297,17,3,227,1,1,1,0
634.7836286486623,8,8,109,0,1,0,0
491.5232946991513,1,2,743,1,1,0,0
2168.4402201180797,19,1,1344,1,1,1,0
2008.668554180705,11,2,1332,0,0,1,0
1800.1527100201276,1,2,1765,1,0,0,0
32.75362834868103,9,3,811,0,1,1,0
2609.635612045055,0,2,1111,0,0,0,0
781.7355760289694,3,3,786,0,1,1,1
2187.583784976302,11,1,228,1,1,0,1
1626.4686655703758,8,2,852,0,0,1,0
839.3235880046685,3,0,1334,1,0,0,0
289.0720547504648,8,4,828,0,1,0,0
198.35687861780133,5,1,379,2,1,1,1
3561.8566739240605,0,1,1607,0,1,1,0
5011.791791832372,9,4,1764,1,1,0,1
2098.4334542304596,13,2,385,0,0,0,0
218.3669942528482,21,2,113,0,0,0,0
1028.4200785166,17,5,1317,0,1,1,1
2610.8242588209805,5,4,1329,0,0,0,1
3026.627800581138,17,3,291,0,0,1,0
251.62224955758117,19,0,1129,1,0,1,0
0.06143863443161899,15,4,1987,1,0,1,0
2490.5415317052366,14,0,291,0,1,1,0
881.9654414957635,15,2,1501,2,1,1,0
587.350207333354,7,1,1545,0,1,1,0
25.962728569670773,12,7,677,1,0,1,0
1554.3597713604988,22,4,60,1,0,1,0
3809.6422645025577,10,3,1336,1,1,0,0
6322.707139547448,6,5,106,0,1,0,0
1668.246492189989,16,0,623,0,1,1,0
1444.9926798445515,17,6,89,3,1,0,0
177.78567818186025,21,4,1292,1,0,1,0
1592.0118855067274,22,1,742,1,1,1,0
956.0041158162004,18,1,1863,3,1,1,0
1868.5799050783294,12,4,1607,0,1,1,1
984.4210885223578,14,1,1143,2,0,1,0
549.6610133267895,22,4,900,2,0,1,0
199.5639322098422,21,3,445,2,1,1,0
756.434777625117,21,4,1453,0,0,1,0
203.2789707668261,0,2,1007,0,0,1,0
389.3477490157806,15,1,1375,0,1,0,0
8738.00895711178,4,2,1970,2,1,0,0
1174.3465110160978,2,5,306,0,0,0,0
1518.0260348042013,22,3,615,1,1,0,1
4136.900792250696,9,3,202,3,0,1,0
10838.215058975362,18,3,944,0,0,1,1
1747.969035560285,4,3,1047,1,0,1,0
3347.673644440077,6,3,1114,1,0,0,0
791.8446443525971,13,0,471,2,1,0,0
729.8288982403296,2,3,1117,2,1,0,0
1030.6840179089843,12,3,1800,1,1,0,1
2232.5788005109384,12,1,979,3,1,0,0
2292.6137487128717,9,4,1309,0,0,1,0
757.3720829147271,1,3,1707,3,0,1,0
285.9169171018889,5,3,309,1,0,1,0
2001.4994096702524,7,3,1926,2,0,0,0
274.6792401703987,3,3,733,0,1,1,0
1727.835455255585,11,3,536,1,0,0,0
2364.566975087965,14,4,376,2,0,1,0
2412.0264116897924,7,1,1738,0,1,0,0
2800.560301118025,6,4,499,2,1,1,0
4124.923775796897,13,2,636,0,0,0,0
1386.1303357053123,22,0,142,0,0,1,0
2620.5133406482214,18,4,1076,1,1,0,1
1930.8187606479257,13,1,1094,2,1,1,1
413.1627779968365,21,4,260,2,1,1,0
52.05077266000462,12,7,1722,0,0,1,0
669.6630465509614,20,1,1908,1,0,0,1
1170.5011099140665,0,8,1743,1,0,0,1
1919.9938907486237,18,6,1317,2,1,1,0
3793.6977833126816,0,1,1840,1,1,1,0
436.9233486150885,3,4,378,3,1,1,1
268.31984283982894,9,3,1063,0,0,0,1
6619.787569969955,2,3,348,1,0,0,0
228.67820421549735,19,1,1602,1,1,1,0
1302.0577624235352,8,4,1549,1,1,1,0
1761.6721296478827,2,4,1730,0,1,0,1
1559.0422672726518,5,4,828,1,0,0,0
179.9197817926106,5,4,506,1,0,0,0
117.43507517392473,22,3,382,0,1,1,1
222.94369810262302,11,1,425,0,1,0,0
1761.7877361877665,22,2,1824,0,0,0,0
1572.03817632581,0,5,1460,0,1,1,0
532.4695497722591,15,0,1669,1,1,0,0
2030.974688316776,23,5,1731,0,1,0,0
3430.3470196931366,4,1,322,4,0,1,1
84.93619689286841,8,3,1614,0,0,0,0
1378.828088975233,9,6,250,1,0,1,0
2337.9219498019843,12,2,1768,1,0,1,1
581.5388055631174,14,3,180,1,0,1,0
735.6766328764053,11,2,1918,0,0,1,0
1901.960548155598,4,5,1004,2,0,0,0
4564.296577655907,4,4,1713,1,1,1,0
3320.6669960775944,17,2,29,2,1,0,1
1749.9627639396606,11,3,1520,2,0,0,0
2620.3096684257835,2,3,1702,0,1,0,1
907.7014893743982,6,4,1350,0,0,0,0
2048.6737461892894,16,3,738,1,0,1,0
1255.3991122923592,18,2,1672,1,0,0,0
421.28438108822695,17,6,187,1,1,0,0
2419.5678047107594,0,3,55,1,0,0,0
1625.955490016639,23,3,878,1,1,1,0
888.2712809725026,4,1,514,1,0,0,1
4845.874629137138,1,4,1434,1,1,0,0
42.312686679385386,0,3,1855,0,0,0,0
758.9315322466583,6,3,17,4,1,0,1
117.12646615524237,10,2,1595,1,0,1,0
2909.380389352871,10,1,88,0,1,1,0
2422.044883554692,17,5,1247,1,1,1,0
804.9956858031401,16,4,1808,2,1,1,1
2251.9437575405254,1,5,1082,0,0,1,0
1008.154312617058,6,1,704,1,1,0,0
2823.255447557461,6,3,1586,0,0,1,0
1210.9454769277447,9,0,725,2,0,1,0
1063.0083437653234,21,8,1254,0,1,0,0
5458.442943068541,20,2,1178,0,1,1,0
577.7097862495095,2,1,1297,0,1,0,1
256.68368332822877,11,2,1906,0,1,1,0
1756.7528648552402,2,1,1070,0,0,0,0
6968.406749536392,10,4,1898,1,1,0,1
949.1134416342683,11,5,895,0,1,1,1
128.08904875619672,3,1,452,2,0,0,0
828.9267445893215,15,1,1330,2,1,1,0
1410.162839568141,19,2,427,1,0,1,0
353.29061038668846,17,2,118,3,1,1,0
2146.4869396002728,3,7,688,2,1,1,0
12193.107097214319,21,4,1022,1,1,0,1
1202.009392424185,5,2,580,2,1,0,0
876.1684168737984,20,2,251,0,0,0,0
1023.9998487558425,14,2,403,2,1,0,1
244.66564188946967,0,1,1766,2,0,0,0
4295.84511282517,2,3,921,2,0,1,0
1071.6909028020184,4,3,200,2,1,0,0
979.6761929882844,21,4,1170,0,1,0,1
2155.7982281535515,16,3,1075,1,1,0,0
1166.9124250727004,13,7,914,4,1,0,1
2089.575174198686,8,0,1392,0,1,0,0
126.83039022147821,2,3,1722,0,0,1,0
3361.0446220176223,12,4,320,0,0,0,0
5643.690807170789,2,3,199,1,1,1,0
2092.601726612184,10,8,1465,1,1,1,0
6182.985979456845,1,4,145,0,0,0,0
328.4108531283636,23,2,1083,0,0,1,0
1297.939810195856,14,3,1731,0,1,0,0
1841.635596915969,12,4,143,1,0,0,0
1743.2880295003265,18,6,1247,1,1,0,0
1026.5297897039154,21,4,1124,2,0,0,0
825.2344755406938,15,7,1050,0,1,0,1
271.2363312440897,17,1,1456,0,1,0,1
994.3137713213623,6,5,526,2,1,1,0
355.0521035142784,12,5,122,0,0,0,0
2651.269279309732,3,1,1489,0,0,1,0
468.4871978007232,8,8,265,2,0,1,0
120.70059262386843,9,4,1031,2,0,0,0
1607.5593052587687,8,2,731,1,1,1,0
1808.8712282005445,6,3,1244,3,1,1,0
4110.092073748675,14,3,1719,0,0,1,0
1720.6792628377675,7,2,396,1,0,1,0
847.7088815454528,18,4,913,1,1,0,0
3249.2237287587145,10,3,1481,0,1,0,0
1554.2705258093838,4,1,108,0,0,1,0
165.19923092348773,1,2,1516,1,0,0,0
1668.732946149207,9,1,1928,1,0,0,1
4772.336605846908,15,1,859,0,1,1,1
1009.3976138574236,22,1,636,1,1,1,0
702.8796334648795,12,2,1706,1,1,0,0
309.73060325925684,7,2,1484,0,1,0,1
328.44198244993356,8,3,933,2,0,1,0
1133.9860611906358,10,4,1940,0,1,0,1
1811.0964008861667,10,2,769,2,0,1,0
168.1015028551401,22,0,1033,0,1,0,0
5612.492519935785,15,0,1391,1,0,1,0
2814.085189074098,9,4,1816,0,0,1,0
1766.7949817834774,23,4,1149,1,1,1,0
3525.628944893761,11,2,1186,0,0,0,0
167.16925216108433,5,0,36,1,0,0,0
1295.7315783879726,11,3,1028,0,1,1,0
1989.0079984897704,9,0,413,2,0,1,0
3528.127981870848,17,2,1111,2,1,0,1
3060.0482823770994,17,3,483,1,1,0,0
648.883684960762,3,2,912,0,1,1,0
5656.377740795594,8,3,1800,0,0,0,1
265.56812430445274,6,6,603,3,0,1,0
4161.02212476495,17,8,1831,2,1,1,0
7076.802420323532,7,1,1082,0,1,1,0
389.97127336248536,10,7,1164,1,0,0,1
2560.7436691068237,6,2,172,0,1,0,1
82.23890830146617,8,2,260,1,1,1,0
1039.8095130800227,7,3,1519,1,1,0,0
1452.511745116336,2,1,25,1,0,0,1
1738.0760022316515,16,0,198,0,0,1,0
5495.784359757095,1,2,579,3,0,0,1
2231.0125066959713,14,0,423,2,1,1,0
1312.7741815146355,13,3,1142,1,1,1,0
3318.0446646740897,17,2,792,1,1,1,0
6012.891757812204,15,1,6,2,1,1,0
44.62649584848536,19,3,1121,3,0,0,0
8093.541389859675,21,5,72,0,0,0,1
180.13858051860842,3,2,929,0,1,1,0
3368.1804575576075,19,3,432,0,0,0,0
657.9382183731814,5,4,963,3,1,0,1
283.5411294480137,5,4,380,2,1,1,0
1159.1214844976143,10,3,1794,1,0,1,0
2065.4051754475945,16,3,550,0,0,0,0
959.1444290619028,23,1,808,0,1,0,0
112.22114357629707,2,4,56,0,1,1,0
1829.8889752290727,12,4,615,0,0,1,0
4653.822705668395,21,0,1127,1,0,1,0
966.4707388183562,2,3,216,2,0,0,0
487.5416200094418,15,5,21,0,1,0,0
1168.8630447439305,14,4,1651,1,0,1,0
99.14263158030373,10,3,210,0,0,0,0
3435.0218124098756,17,4,291,1,0,0,0
3501.321168237226,14,2,715,0,1,0,1
1773.4661089248768,4,1,1995,0,0,0,0
871.1360435225805,15,3,835,2,0,1,0
3216.710641753563,15,1,188,1,0,0,0
1617.9558578874482,16,7,1175,2,0,0,1
3496.6220481978526,8,4,1985,0,1,1,0
1996.4054977277615,22,2,191,0,0,1,1
3068.71165245739,2,6,407,0,1,1,0
1825.40930518779,19,6,214,1,0,1,0
1069.3524982577571,12,1,1915,2,0,1,0
6337.594882863896,21,2,554,1,0,0,0
1557.9061683206585,2,1,1502,2,0,0,0
1858.1923379636992,6,4,960,0,0,0,1
498.17346708214484,5,2,1218,0,0,1,0
1965.1323982046288,8,4,1274,1,1,1,0
1695.431593007745,11,3,593,1,1,0,1
408.7378013390319,14,2,41,0,1,1,0
122.87248405749311,20,1,370,0,1,1,0
1854.4977053136843,19,2,20,0,1,0,1
2885.2407598432424,2,5,1033,0,0,0,1
1482.1611815681836,9,3,825,1,0,0,0
514.364255753828,0,5,1660,0,0,1,0
2196.356625856619,18,5,1227,1,0,0,0
166.99307154142983,18,5,1937,0,1,1,0
1166.1966818636079,22,3,1614,1,1,0,1
356.738973198894,22,2,1746,1,0,0,0
407.80728977822406,12,6,18,0,0,0,0
452.0302134673321,11,3,748,1,1,0,0
977.825146183456,0,3,319,2,1,0,0
105.00954137404688,18,4,1736,0,0,0,1
1014.3095422915185,23,3,861,2,1,1,0
1433.6811182721733,15,3,968,0,0,1,0
1320.5635662165137,22,3,1306,2,0,1,0
965.0727959487726,22,1,1500,1,1,1,0
3654.5238759782965,14,6,1992,1,1,1,0
314.07195892211286,15,3,252,1,0,1,0
1409.2121423115366,10,4,340,2,1,1,0
128.0989709773141,23,9,751,2,1,0,1
147.62826208784324,5,2,968,1,0,0,0
1706.002150848498,10,3,462,2,0,1,0
1669.5063988829756,2,4,1805,1,0,1,0
4208.017934861908,14,2,631,0,1,0,1
1632.3192721278294,0,5,401,1,0,1,0
6427.329870575044,6,1,371,1,0,1,0
99.84078691583852,0,2,282,2,0,0,0
206.2985573367592,16,2,390,0,1,0,1
90.13252232001011,8,5,337,0,1,1,0
409.81383422204107,22,3,1924,2,0,1,0
1558.5874382785216,12,3,1369,1,1,0,0
2074.5011369763392,10,2,1543,1,1,0,0
93.31371426792876,19,3,273,0,0,1,0
5836.464601468577,5,4,1277,0,1,0,1
3692.4149635517483,0,0,1020,1,1,1,0
703.6946091209195,6,4,1878,1,0,1,0
160.65847959723786,11,5,640,0,1,0,0
372.3870621674786,21,0,1398,1,1,0,0
271.5121049896745,19,3,1628,0,1,1,0
263.1438371228678,22,3,818,3,1,0,0
1461.9543472751452,18,2,1920,2,1,1,0
564.3212010594189,16,3,6,1,0,0,0
886.7692519376058,3,0,1438,2,0,0,1
9113.776184457234,2,5,586,1,1,1,1
2306.016037643558,0,6,1522,2,0,1,0
5951.101281159521,17,3,1080,0,0,1,0
307.60011101690213,20,4,1831,2,0,1,0
962.9850688540578,14,4,1422,0,0,0,0
1618.1569782139775,7,1,822,1,1,1,0
159.72791472624922,0,5,238,1,1,0,0
8.39247104463667,19,5,490,1,1,1,0
2219.9593088917263,13,2,1046,3,0,0,1
2053.43655321216,3,2,441,2,1,0,0
1057.9412054399709,4,2,1065,2,0,0,1
1345.293813085144,22,8,858,0,1,1,0
1073.8019691807456,12,3,1802,1,1,0,0
48.59572296171013,23,5,258,2,0,1,0
817.0544017175703,14,2,1475,0,1,1,0
389.7980582094168,5,3,48,0,0,0,0
207.22229139925517,0,0,1834,0,1,1,0
6280.149339327966,22,3,503,0,0,0,0
1829.382648428364,18,7,139,1,0,0,0
2608.737875791016,12,3,1226,0,0,1,0
757.7351876481495,5,4,1676,0,1,1,0
998.9378105342605,14,1,509,2,1,1,0
540.7952756893025,15,4,654,0,0,0,0
203.98941927636227,23,1,1310,1,0,0,0
394.5414110476706,22,2,1257,1,0,1,0
3194.1695086596856,15,2,1340,2,1,1,0
2263.588368822698,9,5,461,1,0,0,0
1583.412318337563,21,5,670,1,1,1,0
1289.0564349149424,8,2,1574,1,1,1,0
5113.259498215055,8,0,1611,0,1,0,0
151.03165911722172,16,1,1345,1,0,1,0
658.6777563207812,16,2,1199,0,1,0,1
861.3746215431589,16,1,1063,2,0,0,0
3050.4307866758913,23,3,433,1,0,1,0
9789.607031668986,11,4,485,0,1,0,1
550.638982756573,12,2,1609,1,1,1,0
4147.831022890391,11,4,1082,1,0,0,0
3551.253729785318,13,3,496,0,1,0,1
508.90055950571065,9,2,875,1,1,1,0
1019.427751304753,22,3,601,1,1,0,1
1054.1568738232675,18,2,1809,1,1,1,0
7653.587712928802,1,4,1158,1,0,0,0
399.078430580872,3,3,655,1,1,1,1
3210.4732116383348,18,5,1533,1,1,1,0
813.5100218697903,6,6,1987,0,1,0,1
2625.1240590719854,14,1,607,2,1,0,0
1089.4922970904338,14,6,156,1,1,1,0
1727.2056955616404,23,1,201,0,1,0,0
3574.8789078052864,5,1,1022,1,1,1,0
3260.9713920670956,2,2,1964,4,1,1,1
4026.1571248526984,5,4,499,1,1,0,0
122.93677172784435,15,3,1426,1,0,1,0
2355.6392854516453,1,2,1520,3,0,1,0
301.61642322359904,6,3,488,2,1,0,0
1075.087346401728,10,4,160,1,1,1,0
1590.7515009003132,6,2,1235,1,0,1,0
1030.8037736291078,3,2,1477,1,0,1,0
1466.3209868152987,23,4,1708,0,1,0,0
11325.075007210891,19,6,1094,3,0,0,0
290.55406667915094,6,1,831,0,0,0,0
2250.668597004573,3,10,972,2,0,0,1
1008.3653620495725,11,4,1338,1,0,1,0
285.4552087000837,4,3,431,1,0,1,0
345.70132734730623,22,1,1406,1,0,1,0
5962.598120437668,18,4,1681,0,0,1,0
4233.896354690996,4,1,1191,0,0,0,0
4751.214149805555,18,3,1979,2,1,1,1
9543.105097269025,20,2,1415,0,0,1,1
467.18437237191944,2,5,1343,0,1,0,1
878.3726749397676,10,3,117,1,0,0,0
2212.5976889339727,6,1,697,1,1,1,1
1322.5318240263812,16,5,1536,1,1,1,0
1083.9087133403466,8,2,203,1,1,1,0
885.7460287055204,20,5,1186,1,1,1,0
1801.7238997760014,8,3,1845,2,0,0,0
1714.1267769584942,9,2,962,1,1,0,1
352.1808232836884,12,1,462,1,0,1,0
1276.3327693115189,14,1,1874,4,1,0,1
1612.5053389743548,21,6,944,1,0,1,1
1689.2751848263606,4,4,700,3,1,1,0
471.7160599164801,2,5,1579,3,0,1,0
2711.6963113171614,7,3,201,1,0,1,0
51.04405730478545,19,5,1255,1,1,0,0
876.4886141589814,9,3,516,1,0,1,0
3030.1895686529087,12,4,1776,1,0,0,0
1659.7349437534447,2,1,1230,0,1,1,0
605.3543652284758,21,2,1355,2,0,0,0
2374.5796142289446,7,2,606,2,1,1,0
1675.8416643098867,8,2,744,0,1,0,0
3181.6603254435922,21,2,875,0,0,1,0
2656.2409994769237,20,5,347,0,1,1,0
1883.7706026463973,11,3,349,0,1,1,1
1339.5554725203249,10,2,1972,3,0,0,0
285.8527769504676,1,5,1184,0,0,0,0
605.8161854653805,17,5,1649,3,0,0,0
1086.351493256763,8,4,1276,0,1,1,1
1829.0809639429815,1,1,1246,3,1,1,0
1441.8914294526212,1,1,858,1,0,0,0
679.8731336657689,2,0,1630,0,0,1,0
12.970684466760604,15,6,1971,2,0,1,0
1371.307540439471,18,7,394,1,0,0,0
672.6972564963659,3,2,1420,1,0,0,1
2653.096867599448,22,3,994,0,0,1,0
48.47527601850073,17,5,978,3,0,0,1
1758.1238645753365,19,3,167,0,0,1,0
5676.576474346846,17,3,976,0,0,1,0
383.3122180336847,9,2,452,0,0,1,0
1275.9907444939356,10,1,1162,0,1,0,0
191.74906003761322,16,2,860,0,1,1,0
1965.2986821289526,23,4,1897,4,1,0,1
1599.3798143798408,22,1,210,0,0,0,1
1046.3549367425337,23,0,768,1,0,0,0
1473.684185391598,19,1,1609,1,1,1,1
4537.810528861764,15,4,214,0,1,0,1
437.0442489310927,19,4,1802,0,1,1,0
45.64597186000165,12,1,1384,2,0,1,1
3956.152331618541,1,2,1687,1,0,0,0
1721.3198575291383,23,7,1259,0,1,0,1
4426.557719206009,1,3,973,0,0,0,0
1817.3656084406764,13,2,1752,1,1,1,0
3323.158816672084,3,1,1421,0,1,1,1
1123.0920710735472,16,3,304,1,1,0,1
2771.468486336635,12,3,1133,4,0,1,0
4884.6478097401205,3,3,857,1,1,0,0
1697.8388461896127,2,5,1836,0,0,1,0
398.8177962125471,11,3,861,0,1,1,0
626.1299942546555,21,4,1856,1,1,0,1
442.90141221458936,22,2,808,1,0,0,1
567.0003976291038,7,5,1414,2,0,1,0
731.7642558294747,1,4,120,0,1,1,0
1619.963372815338,5,3,1864,0,0,0,1
1773.423226007275,21,2,1634,2,1,1,0
1111.9938033674175,9,1,1234,1,1,0,0
1911.2109539649484,11,3,427,0,0,0,1
170.18990307420444,20,3,1568,1,1,1,0
183.7662393060301,9,3,945,2,1,0,0
377.072360106581,9,0,330,0,1,0,1
1459.9439243495772,22,4,1250,0,1,0,0
481.5834329438416,2,4,1751,1,1,0,0
666.1523493254227,19,3,635,2,1,0,0
1022.6943067211349,9,4,1171,1,1,0,0
3341.2029265036554,8,7,1364,0,0,1,0
27.918225128475253,19,2,564,0,0,0,0
2096.097796540102,18,2,180,0,1,0,1
2210.5279103100443,13,2,290,1,1,0,1
3205.4786002018222,1,3,187,1,0,1,0
5398.76392990859,4,3,486,0,1,0,0
40.686758809052854,19,5,1361,3,0,1,0
333.9605696223046,7,7,1132,0,0,0,0
4346.121080061503,6,4,1150,4,0,0,1
1226.8929846580695,5,2,773,3,1,1,0
1662.9372609793338,10,7,1730,1,1,0,0
2175.506150204313,11,4,1833,2,0,0,0
2273.0433360437946,17,3,1058,1,0,1,0
5368.8744881094,18,0,1462,0,1,0,0
11584.845388072132,9,3,1300,1,1,0,1
2547.056388928972,20,4,1518,0,0,0,1
677.1683160907346,13,4,182,2,0,0,0
4236.404695391117,2,4,1263,1,0,1,0
100.94708104097906,17,5,1858,1,1,0,0
525.5389105660968,23,0,1372,1,1,0,0
4553.5562998540945,14,2,146,0,0,0,0
591.9433783320467,5,3,1068,0,1,1,1
498.5927993408824,9,2,1895,1,1,1,0
297.2907411076845,11,2,1840,1,0,0,0
3919.576620616502,6,2,499,0,1,0,0
1386.5274114618255,16,4,803,0,1,1,0
2247.203089288612,0,3,1999,0,0,0,1
546.4183152254719,17,2,1903,2,0,0,0
2837.969191496624,14,2,1319,2,1,0,1
2854.2789198315822,18,1,1795,0,1,0,1
749.6720825838912,0,2,531,1,0,1,0
1057.5808340633541,4,4,1751,2,1,1,1
470.6607129365835,14,1,211,1,0,1,0
7506.70994469363,2,5,893,0,0,1,0
2074.6726637743263,0,3,1426,1,0,0,0
5452.750590870811,7,1,1255,0,1,0,0
723.0463370161655,11,4,1363,2,0,1,0
3045.519884508178,21,5,5,3,1,1,1
2903.660520096544,18,2,311,3,0,0,1
2353.0762141996306,11,0,1805,0,0,0,0
6741.664717753158,12,4,162,0,1,0,1
1000.2835863761428,0,0,216,1,0,0,0
280.1738346040231,18,2,786,1,0,0,1
2227.708880095066,5,3,836,1,1,1,1
2613.5605744365057,7,6,1636,1,1,0,0
1711.6172920018628,3,3,1992,1,0,0,0
463.4048815041002,4,1,1195,1,0,1,0
1404.198024502916,21,4,1985,0,1,0,0
748.484517960105,6,2,252,1,0,0,0
1115.3681583568628,22,7,1705,0,0,0,0
2072.506771473119,3,7,1062,0,0,1,0
2734.6684336244266,19,2,228,2,1,0,1
528.5163098362362,3,2,1958,0,1,0,1
1039.481695232684,14,3,909,0,1,0,1
627.1257420216655,20,2,1661,0,1,0,0
442.86905970204236,4,1,1302,2,0,1,0
3059.287886733093,23,1,285,2,1,0,0
4799.352994087427,8,3,1534,0,1,0,1
924.8081524660025,1,3,649,1,1,0,1
2782.846377187728,6,5,366,1,1,0,1
4545.961114944355,16,3,1644,2,0,1,0
3743.2191277983443,15,2,1092,0,1,1,0
403.7755992063225,16,4,1128,3,1,0,0
6260.442832817703,19,3,1425,1,0,0,0
945.3790755158132,22,2,1270,1,0,1,0
828.7311838440027,1,4,1701,1,1,1,1
128.93054583317326,10,3,192,1,1,0,0
1331.7398381273954,1,3,1731,1,1,1,1
230.85226586207665,0,4,644,1,0,0,0
571.4741195715377,1,2,1320,1,1,1,0
762.3528276288257,22,2,1168,0,0,0,1
3309.1459260172865,8,3,907,0,0,1,0
4166.7168115071745,21,2,731,1,0,0,0
720.4089521494758,1,4,26,0,0,0,0
3913.713386326608,14,5,1275,2,1,1,0
3893.0538015922225,9,2,1631,1,0,1,0
2893.3710986395695,14,4,1890,0,1,1,0
317.27673493772164,9,2,712,0,0,0,0
2344.4499315906583,22,2,615,5,1,1,1
5801.719454651588,16,1,193,2,1,1,0
2294.8099219144638,8,1,381,1,1,0,0
805.7873813985314,17,8,1026,0,0,0,0
1388.612974315788,3,8,1783,0,0,1,0
2075.363907273512,8,1,1627,2,1,0,1
1429.0293308268886,15,1,1069,0,0,1,0
255.55979526784395,3,5,939,0,1,0,0
748.119067077543,15,2,3,0,0,0,1
3242.9808111576062,18,4,930,0,0,1,0
3952.5868068256073,0,2,1872,0,0,1,0
295.3766216438141,22,3,1473,0,1,0,1
6089.288491029815,5,4,1600,2,1,1,0
797.44364405191,9,3,1159,1,0,1,0
2171.2760713197886,15,2,1315,2,1,1,0
2787.24344925305,3,5,278,0,0,1,0
3342.054742139349,21,6,176,1,1,1,0
5828.293595307371,21,3,1952,0,1,1,0
750.6077747980845,12,3,282,1,1,0,0
3911.002356289164,15,4,1144,4,0,1,0
282.4058380703329,19,3,1798,0,1,1,0
2441.8371957253603,5,5,1198,2,0,1,0
2709.4187561452372,10,5,1463,3,0,1,0
2264.689206442046,23,1,459,0,0,0,0
581.546319580913,2,3,1654,1,1,0,1
4127.815981051081,19,4,951,0,1,1,0
369.91035555144356,9,4,341,2,0,1,0
110.25345791138243,0,3,697,0,1,0,0
2527.9056180729667,19,3,1779,0,0,1,0
1290.5271028441664,10,4,726,0,0,1,0
3782.24958349641,11,3,121,1,0,0,0
967.0602538356748,13,0,575,1,1,1,0
368.5154723787983,7,2,1921,0,1,1,0
3621.1775765160783,10,3,1685,1,1,0,0
1592.1751724957949,3,5,1517,1,0,1,0
419.4573499266711,6,5,276,0,1,1,0
2548.6760811956506,9,6,969,0,0,0,1
1431.2504121259626,18,3,987,1,0,0,0
1854.2634788377566,3,1,29,3,1,0,0
1235.7022279929831,1,3,1835,2,1,1,0
3528.782639932176,20,5,1761,1,0,0,1
3538.7757676884726,17,3,685,0,0,1,0
2471.5381254742197,13,2,1268,3,1,1,0
222.76025532631954,15,2,321,2,1,0,0
3650.887271324647,21,5,643,1,0,1,0
2223.4739670048784,10,8,352,0,1,1,1
2388.204464886395,9,4,532,3,1,0,0
901.9173712626202,16,2,1105,2,0,0,0
4228.555575794965,13,3,1317,1,1,1,0
2584.6727373805884,21,1,294,2,0,1,0
238.89739389120726,3,7,1521,2,1,1,0
1047.7475449795832,18,0,458,2,0,1,1
4349.797835132439,1,2,747,3,0,0,0
96.69359850486386,6,5,1837,0,1,1,0
6509.867311808142,8,2,733,0,1,1,0
2273.641455002,18,2,1706,0,1,1,1
1995.9561279710363,15,6,1582,1,1,0,0
630.9542864520043,21,5,1084,4,0,0,0
572.1448405788697,15,1,1632,1,1,0,0
5696.633113701358,17,1,1805,0,1,1,0
708.4201234713695,22,1,543,2,0,1,0
2987.806330962544,20,4,380,0,0,1,0
998.8543281631888,20,4,324,1,0,1,0
299.9118122416871,10,5,1652,0,1,1,0
21.546239847182747,6,1,1086,3,0,1,0
1571.6539286495154,8,5,945,0,1,1,0
7441.055524137776,3,4,1170,3,0,1,0
921.3305555735208,12,2,843,1,1,0,1
883.8194384601998,3,6,362,2,0,0,0
843.4683222949203,18,2,53,1,0,0,0
1470.2056235773443,1,3,402,0,1,1,0
1162.012984942744,8,4,1587,0,1,0,1
4239.104690429634,11,3,681,0,1,0,1
1408.5003495115673,1,2,1893,0,0,0,1
1417.5689695524122,5,4,993,3,1,1,1
297.8623712492289,4,1,869,2,0,1,0
8118.673990418646,4,1,707,0,1,1,0
575.291855193574,19,0,1473,1,1,0,1
152.38905567778178,21,1,1107,1,0,0,1
2176.2128320872202,4,2,379,0,0,0,0
1809.546477920762,3,3,646,0,1,0,1
1072.7848878708444,8,6,1482,4,0,1,0
1097.0281003938403,21,3,933,0,1,1,0
3074.829204503445,9,2,1804,0,1,0,1
435.5973216970655,15,3,81,1,1,1,0
3432.4134935578563,9,1,731,1,1,1,0
2092.4976833979017,9,3,514,1,1,0,0
1085.9049980151806,18,2,1333,1,1,0,0
1225.0841541231596,9,1,921,1,1,1,0
593.1690497306481,5,4,763,1,1,1,0
2789.575316116947,16,3,494,0,1,0,0
1438.4679726237855,4,3,1260,0,1,1,0
773.8399032231565,5,2,1692,1,1,0,0
1812.9289152578658,23,3,941,0,0,1,0
10914.369261267642,14,3,1061,1,0,0,1
1142.7877347937053,18,1,741,2,1,1,0
5068.817434221934,17,6,1681,1,1,1,0
846.2915069717716,3,7,325,0,1,0,0
112.57508333606395,7,2,1080,0,1,0,1
456.92058626212537,15,4,1145,4,0,1,0
1084.9598989263113,23,4,314,2,0,1,0
495.9868570636121,18,3,1235,0,0,1,1
0.4541279906669471,19,6,1796,1,1,0,1
4930.244227605694,2,4,103,0,0,0,1
3714.253130834183,9,1,439,1,0,0,0
2711.858032418981,1,1,817,1,0,0,0
367.4000424297356,3,1,747,2,0,1,0
256.49322333182624,5,1,38,0,0,0,1
139.9969312954665,10,7,813,1,1,0,1
2574.920350562439,13,7,1644,1,0,1,0
5284.748548458482,15,1,1438,0,0,1,0
1126.1187939093156,20,1,1248,0,0,1,0
253.71467777865797,18,2,1017,0,1,0,0
1436.4903156005691,1,1,1317,0,0,1,0
857.9749268688033,16,1,1720,0,0,0,1
939.4470948646102,8,2,155,2,1,1,0
1942.1836277527298,16,6,1056,1,1,0,0
2536.795913644499,14,3,1258,0,0,1,0
234.42449463870082,6,3,1931,5,0,0,1
72.47800582298397,21,3,489,2,0,0,1
10345.239092782804,22,3,1786,1,1,1,0
529.8287336130884,18,6,1594,0,1,0,0
110.66715366031704,2,4,1357,1,0,0,0
421.1342569258183,0,3,1699,0,0,0,0
79.47401322443562,3,4,1041,1,0,1,0
994.5388335703133,17,2,1438,1,0,1,0
3243.039048666513,7,3,1790,2,0,1,0
834.8055074936674,18,2,1682,1,0,1,0
1174.6338152728044,22,4,1765,1,0,0,0
2251.4743711702013,22,6,240,1,0,1,1
1422.1908624366179,5,2,1310,1,1,0,1
3952.985743076132,0,6,346,2,0,1,0
4020.3634923238446,7,4,1399,1,0,0,1
19.9202666945551,0,1,16,2,1,1,1
3010.573013258938,18,4,587,0,1,0,0
1235.0911640267434,10,1,950,0,1,1,0
8990.93565423557,20,2,260,3,0,1,1
1320.3227895247508,23,1,1919,1,0,0,0
8669.667168640786,14,4,361,0,0,1,0
2809.4818040727696,22,6,1423,1,1,0,1
571.6472930930626,10,0,460,2,0,0,0
1546.0913741720838,18,5,1947,1,0,1,0
9690.82810530772,20,5,1540,2,0,1,0
3897.2561871718876,9,4,931,1,0,0,0
204.87822709239418,23,1,1787,1,1,1,0
2450.8832161549785,11,4,1109,1,0,0,0
848.010597989943,0,0,1087,3,0,1,0
14.013503869448922,23,4,100,0,0,1,0
1033.2882671115647,6,1,1858,1,0,0,1
535.1169586353369,16,6,755,1,1,0,1
3417.0724922087556,9,2,295,3,0,1,0
822.9581380848579,5,6,1948,0,1,1,0
3514.9908163979376,16,4,1186,2,0,1,0
1.1962353430257713,17,1,929,3,0,1,0
735.8160272318848,4,5,1202,2,1,0,1
551.9423978812442,17,2,1468,1,1,0,1
532.0169318002256,16,6,328,0,0,1,0
141.24544029252567,21,3,1352,1,1,0,1
414.35407050233715,15,0,764,1,0,1,0
1621.8334970993258,7,1,1066,1,0,1,0
688.8183054948224,23,3,242,0,1,1,0
1080.4909573190712,12,1,1366,1,0,0,1
945.9902156296486,23,3,1115,2,0,0,0
4173.414546591069,15,3,1052,1,1,0,1
4714.061417470509,10,1,459,3,1,0,0
1358.3188209264163,5,1,667,3,0,1,0
801.4207107108142,2,5,1655,1,0,1,0
225.89109439286202,0,2,1409,0,0,0,0
6132.433058149838,17,3,1511,1,1,1,1
124.23372722435766,4,3,220,0,0,0,0
706.647637809341,12,3,859,0,0,0,0
707.8323661283407,9,6,264,1,1,0,1
772.5055633641055,4,1,121,1,0,0,0
358.9396774734222,13,2,1070,1,1,1,0
3057.2042471916066,16,4,1304,2,1,1,0
261.35177427817854,0,2,1139,2,0,1,0
2015.2044594901333,1,5,1192,2,1,0,0
264.4268697811425,6,2,435,1,0,0,1
146.29362632262684,9,2,1270,1,0,1,0
4803.253533429852,19,5,484,1,1,1,0
421.76002943335595,6,2,1399,0,1,0,0
3443.5359241561364,23,3,280,1,1,1,0
1573.293833285337,15,4,1770,2,0,0,0
162.10889777456495,4,6,1046,0,0,0,1
6222.205059323764,11,2,714,3,1,1,0
567.2769629041624,16,5,68,0,0,1,0
3927.165624308441,15,7,1672,2,1,0,0
369.79375405542334,19,4,743,0,0,1,0
3847.515031146406,15,4,1082,0,0,0,0
26.634186152748892,18,8,1551,0,0,1,0
1433.9801804351155,14,4,1288,2,0,0,1
2934.510668860755,11,2,1706,1,1,0,1
5460.45412460405,20,3,1447,3,0,0,0
4798.239040309607,9,2,1022,0,1,1,0
3425.4330773195675,21,3,1523,1,0,1,0
4381.93269584141,1,3,291,1,0,1,0
444.3372679938362,6,2,169,1,1,1,0
668.6650827980435,12,2,1584,1,0,1,0
682.0771628239502,2,0,1486,1,1,1,0
946.5906611153572,14,3,1632,0,0,0,0
999.5098296115927,0,1,1863,2,0,0,0
1572.962057669807,2,5,556,2,0,1,0
348.4205170773817,9,4,353,1,1,1,1
2350.425171093756,14,3,1264,2,0,0,1
366.8039748287574,21,3,1827,1,1,1,0
743.0217137454464,5,3,283,1,0,1,1
1399.7198437822865,19,3,1473,2,1,1,0
3183.59447156223,14,2,1606,1,1,0,0
2690.068636387124,23,4,1789,1,1,1,1
2074.287705655778,20,0,1090,0,1,0,0
338.6683437281195,6,0,1351,0,0,1,0
1583.9265184123035,20,1,456,0,1,0,1
183.0171341590901,4,3,959,1,1,1,0
947.5837569686868,3,2,1005,1,0,1,0
1067.2215918468255,21,3,477,1,1,0,1
81.25119312718007,17,3,1872,0,0,0,1
640.3777447540951,2,5,285,0,0,0,1
6231.2611165382805,16,6,31,1,0,1,0
6142.317643496284,17,6,448,1,0,1,0
868.738846786406,17,2,214,0,1,0,0
88.11300010484456,23,3,1717,0,0,0,1
394.6956297242957,23,4,1738,1,1,1,0
995.8773481472859,1,4,1604,4,0,0,1
5904.56786382764,12,6,1049,0,1,0,1
304.4362450926456,21,2,1784,0,0,1,0
2883.7481310976555,14,0,1397,0,1,0,0
230.10923594385855,4,2,397,0,0,1,0
7953.931471564043,2,2,337,1,1,0,1
961.2929247672663,4,3,936,1,1,0,0
2985.3956311125175,4,5,968,0,1,0,1
838.8981070331176,4,4,855,3,0,0,0
1975.9434109241533,2,8,903,2,1,1,0
426.42625503133377,2,3,672,1,1,0,0
315.69739651275086,19,1,1304,2,1,0,0
5563.311877148783,22,1,769,1,0,0,0
4993.487535413325,17,1,623,0,0,0,0
4369.052016892125,19,6,559,1,1,0,0
1963.9715773044702,3,1,1715,0,1,1,0
3303.315633987162,0,5,548,3,1,1,0
143.07135388085982,15,2,923,1,1,1,0
815.3021167871524,7,6,1222,1,1,0,1
752.889964252741,16,1,554,1,0,1,0
2019.2549910306882,7,3,479,4,0,0,0
879.9819717647554,6,8,844,1,0,1,0
321.52748652141094,7,2,1626,1,0,1,0
1814.9943942258158,20,3,1881,0,0,0,1
3368.149656113008,23,2,1604,2,0,1,0
962.9333414324467,11,3,70,1,1,0,1
283.7463837159826,15,5,505,1,0,1,0
438.0246863178717,11,3,110,1,1,0,0
542.2617517608701,18,2,1406,0,0,0,0
713.0573178336336,9,6,397,3,1,0,0
2058.8912594014855,6,1,1433,0,1,0,0
1837.3144823881057,11,3,351,2,1,0,0
2381.9806292228454,19,1,1558,1,1,0,1
900.4082298900203,4,5,1525,1,0,1,0
3474.5158848839023,15,3,995,1,0,0,0
456.53245256457404,8,2,789,0,1,1,0
1266.139996013962,6,4,1935,1,1,1,0
3228.2851394126924,19,7,1731,1,1,0,1
397.2888605735621,21,2,421,1,1,0,1
232.76004659411555,13,0,1581,2,0,1,0
4302.888751777288,10,2,922,2,0,1,0
839.9284160453319,6,2,111,3,1,0,1
2303.204305416183,9,4,209,0,1,0,0
51.35082950555548,8,1,1766,0,1,1,1
2342.6684917530642,3,3,1463,1,1,1,0
759.8909772532581,15,2,1202,1,1,1,0
114.70926201078474,9,5,931,1,1,0,0
1882.25711294866,18,4,1786,0,0,0,1
550.9901162779062,23,4,425,2,1,1,0
978.1518846299006,16,0,328,1,1,1,0
168.0262520134339,8,6,1908,1,1,0,1
318.3742688866944,12,1,11,0,1,1,1
707.5788948270115,0,5,1276,2,1,0,0
188.0928585793354,1,8,856,1,1,0,0
4834.337459820498,12,4,1259,2,1,0,1
12.130801184774684,23,8,1672,2,0,1,0
1322.7553130236508,8,4,254,2,1,0,0
263.0609815461368,6,2,1590,0,0,0,1
735.4113746625786,15,8,1502,0,1,0,1
5208.990744525223,18,4,129,0,0,1,0
352.74550002481107,6,1,1762,0,0,1,0
6752.950205462651,5,4,1556,0,0,0,1
460.8257604322921,17,3,100,0,0,0,0
2706.230712980416,18,2,290,0,1,1,0
1582.3019352867632,10,6,1593,0,0,0,0
4316.6011786545805,11,1,1250,3,1,1,1
1614.8424097722457,9,3,1677,0,1,1,1
1529.5408131807164,12,7,1149,0,1,1,0
434.96421606192314,11,3,1462,0,1,1,0
363.5938577944584,20,5,1845,2,0,0,0
4965.557457609538,9,3,1588,1,1,1,0
794.5123838399571,19,2,646,1,0,0,0
930.6922006654967,17,1,1828,0,0,0,1
2852.763737786412,3,3,665,1,1,1,0
827.4688570439317,23,1,1371,1,1,1,0
6075.712173436884,4,4,698,0,0,1,0
2678.2702447450083,4,4,1775,0,0,1,0
1819.7688054499536,11,6,183,0,0,1,0
4255.502339802167,2,5,351,1,1,0,1
101.75709418153679,7,3,1539,0,0,1,0
594.2872298591737,21,1,1820,1,1,1,0
1251.1128976480545,1,3,1402,0,0,0,0
514.8969362601057,17,0,708,0,0,1,0
2724.4150819374386,8,2,1489,0,1,0,1
5031.755425248586,12,4,678,1,0,1,0
1102.4972011245206,6,4,802,1,1,0,0
837.5037757831614,9,4,340,2,0,0,1
6516.831249001762,8,4,1165,3,1,1,0
1177.0426275602176,21,1,111,0,1,1,0
1342.960820772535,14,3,261,0,1,0,1
866.6488161807587,4,1,1920,0,0,1,0
4805.882370324289,11,2,1212,2,1,0,0
1683.0878143261182,0,3,1880,1,1,0,0
2872.4368681677784,11,4,371,0,0,0,0
3340.5715008009806,21,3,1382,3,1,0,0
836.6419087816641,5,4,1297,1,1,0,1
1137.2425917662588,18,3,1721,0,0,1,0
3773.9667276728023,18,7,1823,0,0,0,1
902.7731396626518,15,0,604,1,1,1,0
3159.12854720547,18,3,449,0,0,1,0
5660.175435370109,2,2,1730,2,0,0,1
1952.1365320651216,22,1,1441,0,1,1,0
2706.7042284878567,9,4,1896,2,0,0,1
3270.5097621734694,17,3,861,1,0,1,0
3729.171988236595,12,8,1412,4,1,1,0
1005.2299731690821,17,5,1362,0,0,0,0
105.24827318536731,2,1,1335,0,1,0,1
1027.9152842937126,22,3,1944,0,1,1,0
2240.22083130239,2,4,1952,3,0,1,0
1196.948537647552,22,4,1353,1,1,1,0
2764.311082609331,11,5,1071,0,0,0,1
883.1664585052856,19,3,656,1,1,0,0
2014.3143753940715,6,4,149,1,1,1,0
412.621553586591,23,1,350,2,0,0,0
2767.5505664846296,7,0,323,1,0,0,0
1577.9772657063343,8,3,865,0,1,1,1
456.4739730869154,13,0,1951,3,1,0,1
690.3714639934428,4,4,1144,2,1,1,0
2761.489247534796,20,2,1005,5,0,1,0
1317.8827948925627,18,4,398,1,0,0,0
486.77272395608315,20,5,646,0,0,0,1
6838.999121050817,15,5,1221,0,1,1,0
2511.409721959483,23,3,413,2,0,1,0
6299.391460341038,11,5,1463,1,0,0,0
1114.1058086194473,20,4,37,3,0,1,0
1289.096319568669,3,3,187,0,1,1,1
4564.687010091151,7,1,420,0,0,0,0
1489.088709087208,6,0,725,0,1,0,0
2457.070082186601,14,4,1484,1,0,1,0
581.1668947327032,5,5,1134,0,0,1,0
1183.8055362178272,4,7,187,0,0,1,0
263.5227561877133,13,4,471,0,0,1,0
461.2933486386267,20,5,1102,1,1,1,0
1.8877211278058341,12,2,1984,0,1,0,0
80.1134324421848,9,0,1963,0,1,1,0
7569.355945842468,17,7,1398,1,0,1,0
555.0772370288581,3,3,810,2,1,1,0
2177.1895211593255,7,5,330,0,1,1,0
3653.9407060259396,23,4,1149,2,1,0,0
1599.952923035993,10,1,1340,0,1,1,0
332.4504022171337,16,2,958,0,0,1,0
2604.7627655593224,17,4,320,3,0,1,0
1833.838909455822,20,3,475,2,1,1,0
2627.951784926269,10,3,1513,2,1,0,0
2937.1498733338644,15,3,826,0,0,0,1
7410.860750956957,11,0,514,0,1,1,0
1704.582587156467,12,2,334,2,1,0,0
836.0101498043558,15,4,1095,0,1,1,0
2090.8894779211514,22,2,465,1,0,0,1
141.79088025243024,20,2,1400,0,0,0,1
4553.782418741062,0,2,724,0,0,0,0
254.26044514091532,15,3,8,0,1,0,1
794.5261872182059,14,4,1720,1,1,1,0
3382.8733539966343,5,1,164,0,1,0,0
1819.1882998802514,11,2,1989,1,1,0,1
